Temperature_C,Heart_Rate_BPM,Respiration_Rate,Blood_Oxygen_Percent
-1.5178384748595424,0.09746089176959945,1.4591777756836828,-1.1525031516644872
0.6618142632524173,0.7899826239079184,-0.09326287190381899,-0.6933934230804587
-2.8377096205206573,-0.7681912734032992,0.4889023709414942,0.22482603408759838
1.557897351604854,0.44372175783875895,-0.8694831956975699,-1.3820580159565015
-0.47769754870644093,0.9054029125976383,1.2651226947352452,-0.00472883020441589
1.0979069340878682,-0.017959396920120375,1.0710676137868074,-1.3820580159565015
0.3982399097622814,0.7322724795630585,-0.8694831956975699,-1.611612880248516
0.9703636153813439,0.9631130569424982,-0.8694831956975699,0.22482603408759838
0.7304002184395384,0.9054029125976383,-1.2575933575944453,0.9134906269636413
0.1670812073653546,-1.0567419951275987,0.4889023709414942,-0.46383855878844443
-0.06425525599004978,1.3670840673565174,0.682957451889932,-0.6933934230804587
-2.6376772688413084,1.1939536343219377,-1.0635382766460078,0.22482603408759838
-0.015908967026549793,-0.883611562093019,-0.09326287190381899,-0.922948287372473
0.24069520735573152,0.44372175783875895,1.2651226947352452,-0.922948287372473
-0.7651590211005946,-0.5950608403687195,1.0710676137868074,0.22482603408759838
-1.470050522063168,0.21288118045931928,-1.2575933575944453,0.22482603408759838
-1.3564539327628244,-1.4607130055416182,1.0710676137868074,0.6839357626716269
0.2194204312741195,0.6745623352181985,0.10079220904461875,-1.3820580159565015
0.1280118669966788,-1.633843438576198,0.8770125328383697,-0.6933934230804587
1.339667434082834,1.0208232012873582,-1.0635382766460078,1.1430454912556556
-0.4133415510792725,-1.0567419951275987,-1.6457035194913208,0.9134906269636413
-0.3782470087057113,0.5591420465284788,-1.6457035194913208,-0.6933934230804587
-0.8231186949483823,-0.07566954126498028,1.0710676137868074,0.9134906269636413
0.1162613544437932,0.9054029125976383,-1.0635382766460078,-0.00472883020441589
-0.15189845214072897,1.0208232012873582,1.4591777756836828,1.3726003555476698
0.3162357463163141,1.136243489977078,-0.48137303380069446,-0.00472883020441589
-3.1731782041566676,0.7899826239079184,1.4591777756836828,-0.6933934230804587
0.9587330747215492,-1.4607130055416182,-0.2873179528522567,-0.922948287372473
0.7191543891047548,-1.5184231498864782,-0.09326287190381899,-0.00472883020441589
0.28310285918810685,-0.5950608403687195,-0.6754281147491322,-0.23428369449643016
-1.058517853467036,1.2516637786667977,0.4889023709414942,-0.46383855878844443
0.964261098546018,0.8476927682527783,-1.0635382766460078,1.602155219839684
1.0460053192094416,-1.6915535829210577,0.10079220904461875,0.6839357626716269
1.2987912107101882,-0.47964055167899966,1.0710676137868074,0.6839357626716269
0.6813576819486321,-0.5373506960238595,-0.2873179528522567,-1.611612880248516
-0.022524549242805572,0.9054029125976383,-0.2873179528522567,-0.6933934230804587
1.6286103195618027,0.09746089176959945,0.10079220904461875,-0.46383855878844443
-1.302509771265461,0.5591420465284788,1.4591777756836828,1.3726003555476698
-0.4346623317734961,1.2516637786667977,-0.09326287190381899,-1.611612880248516
0.3997119071942003,-1.6915535829210577,1.4591777756836828,-0.00472883020441589
-0.15298319765538015,-1.576133294231338,-0.6754281147491322,0.22482603408759838
-0.4225002048918791,1.5979246447359572,-0.6754281147491322,1.3726003555476698
0.31626169896870276,0.2705913248041792,1.2651226947352452,0.45438089837961265
0.5960681072467755,1.3093739230116577,0.682957451889932,-1.1525031516644872
-1.5153419828969577,1.713344933425677,-0.8694831956975699,-0.46383855878844443
-0.36672196403573326,1.3670840673565174,0.4889023709414942,-0.6933934230804587
-1.3047267587143347,-0.883611562093019,1.4591777756836828,0.9134906269636413
2.0674904764768316,-0.5950608403687195,-1.2575933575944453,-0.23428369449643016
0.9176576068891144,-1.3452927168518984,-0.2873179528522567,1.602155219839684
1.4984249405058068,-1.0567419951275987,-0.09326287190381899,0.45438089837961265
0.027551939295877303,0.386011613493899,-0.6754281147491322,-0.23428369449643016
0.8558884649639,1.0208232012873582,0.682957451889932,0.45438089837961265
-0.010631043236937962,-1.6915535829210577,-1.6457035194913208,1.1430454912556556
0.05818165784433303,0.44372175783875895,-0.09326287190381899,0.6839357626716269
-0.5614766872679144,-0.36422026298927984,1.4591777756836828,0.22482603408759838
-1.5937824104498135,-1.1144521394724587,-0.48137303380069446,-0.922948287372473
0.25986572412588466,1.2516637786667977,1.6532328566321206,0.6839357626716269
-0.4556663294576495,-0.07566954126498028,0.2948472899930565,0.22482603408759838
-1.6436271281794779,1.6556347890808172,-1.4516484385428832,-0.6933934230804587
-0.47325030852144157,1.2516637786667977,0.10079220904461875,0.6839357626716269
0.411776640259202,-1.4607130055416182,1.4591777756836828,0.22482603408759838
-0.9028096446341751,1.4247942117013774,0.682957451889932,-0.922948287372473
0.835707613641452,-1.3452927168518984,0.4889023709414942,1.1430454912556556
2.6126468954377176,-1.4030028611967582,-1.6457035194913208,-0.46383855878844443
0.06107171637019192,-1.4607130055416182,-1.6457035194913208,-1.611612880248516
-0.2927126235001993,-0.30651011864441996,-0.48137303380069446,-0.922948287372473
0.9484278179841792,-0.07566954126498028,-1.4516484385428832,-0.23428369449643016
-0.45689733410155975,-0.9990318507827389,-0.8694831956975699,-0.00472883020441589
0.5049578804773731,-1.633843438576198,-1.4516484385428832,-1.1525031516644872
-0.3982455404928969,-1.633843438576198,-1.2575933575944453,0.45438089837961265
-0.5826715166361676,0.5014319021836189,0.2948472899930565,-1.3820580159565015
-1.344290964005486,1.3093739230116577,-0.09326287190381899,0.22482603408759838
-0.48324009844949445,0.09746089176959945,-1.4516484385428832,-0.46383855878844443
-1.525985723810905,0.7322724795630585,-0.6754281147491322,-0.46383855878844443
-0.18161700771175943,1.1939536343219377,1.2651226947352452,-0.00472883020441589
-0.9912808473097157,0.21288118045931928,0.682957451889932,-1.3820580159565015
0.9559870524564533,0.09746089176959945,-0.2873179528522567,1.3726003555476698
2.083116107889359,0.9631130569424982,-0.09326287190381899,0.6839357626716269
0.36693598165872954,0.6745623352181985,0.10079220904461875,-1.1525031516644872
-2.2746025579411846,-0.6527709847135794,1.4591777756836828,1.3726003555476698
-1.4042073377173274,-1.5184231498864782,-0.48137303380069446,-0.00472883020441589
0.31074696296318804,0.9631130569424982,-0.2873179528522567,0.45438089837961265
-0.982428939732193,0.8476927682527783,0.2948472899930565,1.3726003555476698
-1.0047363378711887,-1.1721622838173187,0.682957451889932,1.1430454912556556
-1.300874904538867,-1.4030028611967582,0.8770125328383697,-0.46383855878844443
-0.4732393561313339,0.7322724795630585,1.2651226947352452,-0.46383855878844443
-1.848464018659591,0.386011613493899,-0.6754281147491322,1.602155219839684
0.3484870972151391,-1.576133294231338,0.10079220904461875,1.1430454912556556
0.27319048119828765,-1.2298724281621785,0.10079220904461875,-0.00472883020441589
-1.1650688472826511,-0.9413217064378789,0.2948472899930565,-0.00472883020441589
-1.3690585210319826,1.3093739230116577,0.2948472899930565,1.602155219839684
0.35155493029965335,-1.1144521394724587,0.8770125328383697,-1.611612880248516
-0.9082412503731672,-0.7104811290584393,1.0710676137868074,-0.00472883020441589
1.469540253410385,-0.8259014177481592,1.4591777756836828,-0.23428369449643016
0.8822569750444627,0.8476927682527783,-1.4516484385428832,0.22482603408759838
-1.000705637370878,-0.30651011864441996,1.4591777756836828,1.1430454912556556
-0.3985518602062343,1.5979246447359572,1.0710676137868074,-0.46383855878844443
0.9206961599694147,-0.4219304073341398,0.8770125328383697,-0.23428369449643016
-1.325752089550958,-0.883611562093019,-0.8694831956975699,-0.23428369449643016
-0.5461758636777607,0.5591420465284788,1.4591777756836828,0.22482603408759838
0.7790270944035536,0.5591420465284788,-0.09326287190381899,-0.6933934230804587
1.5857537864450082,0.6745623352181985,-0.6754281147491322,-0.922948287372473
-0.7055169302572949,-0.7104811290584393,0.4889023709414942,-0.46383855878844443
-0.09470832262383883,-0.9413217064378789,0.10079220904461875,-1.1525031516644872
0.09007970807687182,0.7322724795630585,0.4889023709414942,-1.1525031516644872
-1.290606901121472,-1.4030028611967582,1.6532328566321206,-1.611612880248516
-0.5006542744544717,1.5979246447359572,1.2651226947352452,1.3726003555476698
-1.012692913897922,0.7899826239079184,0.4889023709414942,0.45438089837961265
-0.6349827691402733,0.6745623352181985,1.2651226947352452,-0.00472883020441589
1.209274596219025,1.3093739230116577,-0.48137303380069446,-0.922948287372473
-0.9319093869080879,0.09746089176959945,0.2948472899930565,-1.3820580159565015
1.1463632520217906,-0.4219304073341398,-1.2575933575944453,-0.00472883020441589
-1.396745142460807,-1.4607130055416182,0.2948472899930565,0.6839357626716269
-0.7286255218717425,0.03975074742473954,-0.6754281147491322,-0.46383855878844443
0.3174909728822405,-0.36422026298927984,-1.2575933575944453,-0.6933934230804587
-0.5306766101789014,0.6168521908733386,-0.48137303380069446,-0.6933934230804587
-0.2198513751174476,-0.07566954126498028,1.6532328566321206,0.6839357626716269
0.6610528997368936,0.6745623352181985,1.6532328566321206,-1.3820580159565015
-0.6807640852757704,1.136243489977078,-0.09326287190381899,1.3726003555476698
-0.19226438805533277,1.078533345632218,1.2651226947352452,-0.23428369449643016
0.5314267175296288,0.7322724795630585,0.682957451889932,1.3726003555476698
0.035821265761059595,-0.883611562093019,1.6532328566321206,0.45438089837961265
-0.7396278783313119,-0.7104811290584393,1.4591777756836828,-1.3820580159565015
-0.8068538968815412,1.0208232012873582,-0.2873179528522567,-0.23428369449643016
-1.517912341582703,0.03975074742473954,1.6532328566321206,-0.46383855878844443
1.001328190011399,0.44372175783875895,0.8770125328383697,1.602155219839684
-0.20304095713368656,0.6745623352181985,-1.0635382766460078,-1.611612880248516
-0.25034716628700276,-0.36422026298927984,-0.09326287190381899,-0.23428369449643016
1.4251411198666497,0.6745623352181985,1.6532328566321206,-1.1525031516644872
1.0470276361097406,0.6745623352181985,1.2651226947352452,1.3726003555476698
-1.2949000575742395,1.3670840673565174,-0.6754281147491322,-1.1525031516644872
-1.8216232874618024,-0.47964055167899966,-0.8694831956975699,1.602155219839684
-1.5739949376594735,1.3670840673565174,0.4889023709414942,-1.1525031516644872
0.6828747607082445,0.2705913248041792,-0.48137303380069446,-0.00472883020441589
0.6587135112419449,1.713344933425677,1.2651226947352452,1.3726003555476698
-1.0986096287990408,1.3670840673565174,-1.6457035194913208,1.602155219839684
-0.2856798095911517,0.5014319021836189,1.4591777756836828,-1.3820580159565015
0.6537488891532582,0.5014319021836189,0.4889023709414942,-1.1525031516644872
-0.9727278206934699,-1.576133294231338,1.0710676137868074,-0.922948287372473
-0.6244974373822133,-0.36422026298927984,0.2948472899930565,-0.6933934230804587
0.780839952000134,-1.2298724281621785,0.8770125328383697,0.45438089837961265
-1.024334280097736,1.5402145003910972,-0.6754281147491322,0.6839357626716269
-1.006486692933478,-0.24879997429956002,1.6532328566321206,-0.23428369449643016
1.3077349938675369,0.7322724795630585,0.2948472899930565,-0.00472883020441589
-2.1678754195076366,0.5591420465284788,-0.8694831956975699,-0.00472883020441589
0.5167355505832879,0.21288118045931928,-1.6457035194913208,1.602155219839684
-0.6577504281272593,-1.2298724281621785,-1.2575933575944453,-0.46383855878844443
-0.35212286424421435,1.5402145003910972,-0.2873179528522567,-1.1525031516644872
-0.4574631601438217,1.1939536343219377,-0.8694831956975699,0.22482603408759838
-0.08688045236457775,-1.0567419951275987,-0.6754281147491322,1.1430454912556556
0.27561792407521857,-1.576133294231338,-0.09326287190381899,-1.1525031516644872
-0.03794785291884836,0.7322724795630585,1.6532328566321206,-0.23428369449643016
-0.4536933402394292,1.6556347890808172,0.10079220904461875,0.6839357626716269
0.4306557797711475,0.8476927682527783,-0.6754281147491322,0.22482603408759838
-0.2246304842130783,0.7322724795630585,-0.6754281147491322,0.45438089837961265
-0.04153559305638603,0.386011613493899,-0.2873179528522567,-0.6933934230804587
-0.591764948336752,1.5402145003910972,-0.6754281147491322,0.22482603408759838
0.5385741209412274,-0.4219304073341398,1.2651226947352452,0.45438089837961265
1.5201533794986146,0.6168521908733386,-0.2873179528522567,-1.611612880248516
0.7599092394308806,-1.5184231498864782,1.4591777756836828,1.3726003555476698
0.5168159159455246,-1.2298724281621785,0.8770125328383697,0.6839357626716269
0.07721915242293206,1.713344933425677,-1.0635382766460078,-0.23428369449643016
-1.5535200678034697,1.3093739230116577,1.2651226947352452,0.9134906269636413
0.6590166786401317,-1.1144521394724587,-0.2873179528522567,-0.23428369449643016
0.933536112555751,1.136243489977078,0.10079220904461875,-0.6933934230804587
0.26858160101272566,-0.07566954126498028,1.4591777756836828,1.3726003555476698
-0.37958555684281226,1.4247942117013774,-0.09326287190381899,1.1430454912556556
-1.0447767243155406,0.5591420465284788,-0.2873179528522567,-0.46383855878844443
-0.3797023689041118,1.5402145003910972,0.8770125328383697,-0.46383855878844443
-0.8036713307295129,-0.07566954126498028,0.682957451889932,-0.00472883020441589
2.3149327223034306,-0.07566954126498028,-1.6457035194913208,1.602155219839684
-0.3465805547725767,0.09746089176959945,0.682957451889932,-0.6933934230804587
-0.36882640074012474,0.2705913248041792,-1.4516484385428832,1.602155219839684
-1.5931253836764578,0.15517103611445937,1.6532328566321206,-1.611612880248516
-0.4153895156571338,1.6556347890808172,-0.09326287190381899,0.22482603408759838
0.4063412343046,1.078533345632218,-1.4516484385428832,0.9134906269636413
-1.0894200045646656,-0.017959396920120375,-1.6457035194913208,0.9134906269636413
-0.6031398401301601,0.8476927682527783,-1.6457035194913208,0.22482603408759838
-1.2110585394777786,-0.9413217064378789,1.4591777756836828,1.3726003555476698
0.33177810930840756,-1.633843438576198,-0.09326287190381899,0.9134906269636413
1.0808237622475185,0.44372175783875895,0.2948472899930565,-1.1525031516644872
0.10044500496179515,-0.017959396920120375,0.8770125328383697,1.1430454912556556
-0.19619813485469376,-1.4607130055416182,-0.2873179528522567,-1.611612880248516
1.145387401476614,0.6745623352181985,0.2948472899930565,-1.1525031516644872
0.48709716437288836,-0.9413217064378789,1.4591777756836828,0.9134906269636413
0.8739523043611734,-1.3452927168518984,0.4889023709414942,-1.3820580159565015
1.7373083858206717,0.9054029125976383,-0.6754281147491322,0.22482603408759838
-0.5893722764075784,-0.5950608403687195,-0.48137303380069446,-0.00472883020441589
-0.9585205964262468,-0.9413217064378789,1.4591777756836828,-0.23428369449643016
0.18065320410620697,1.136243489977078,-0.09326287190381899,-1.611612880248516
-1.2395545130389363,0.21288118045931928,0.4889023709414942,-1.1525031516644872
1.0099613896140565,1.136243489977078,-1.6457035194913208,1.3726003555476698
-0.4201683286953519,-0.4219304073341398,0.10079220904461875,-1.3820580159565015
-1.2275550088843217,0.6745623352181985,1.4591777756836828,1.1430454912556556
0.352346860945911,-0.6527709847135794,-0.48137303380069446,-0.922948287372473
-2.255589155177255,0.6745623352181985,-0.2873179528522567,0.45438089837961265
0.568143270621128,0.32830146914903907,-0.2873179528522567,1.602155219839684
-0.09066603696812676,-1.4607130055416182,-0.6754281147491322,-0.00472883020441589
0.041546052108900326,0.8476927682527783,-1.6457035194913208,-0.6933934230804587
1.0644513585752964,-1.2875825725070384,0.682957451889932,0.6839357626716269
1.8183268675652982,-0.017959396920120375,0.4889023709414942,1.602155219839684
0.5333987135604308,0.5014319021836189,-1.0635382766460078,1.3726003555476698
0.3748159465894201,1.3670840673565174,-0.09326287190381899,1.602155219839684
-0.7266533741382053,-0.8259014177481592,-0.6754281147491322,-0.23428369449643016
-1.0761903673545763,-1.633843438576198,-1.4516484385428832,-0.00472883020441589
1.5331276819150874,0.5014319021836189,0.10079220904461875,-1.3820580159565015
-1.1308010877319146,-0.24879997429956002,-0.09326287190381899,-0.922948287372473
0.7246583092028295,0.7322724795630585,-1.6457035194913208,0.22482603408759838
-0.39793752091066,-0.30651011864441996,-0.48137303380069446,-1.1525031516644872
0.31227668879448534,0.6745623352181985,-0.48137303380069446,0.45438089837961265
-0.4382823549500181,-0.30651011864441996,1.4591777756836828,0.6839357626716269
-0.5203169825334764,0.5591420465284788,1.4591777756836828,0.9134906269636413
0.5822685563263492,1.713344933425677,-0.48137303380069446,0.6839357626716269
-1.0213395764967825,-0.30651011864441996,1.2651226947352452,0.9134906269636413
0.8165455497298241,-0.6527709847135794,0.4889023709414942,0.9134906269636413
0.5824156548553417,-0.017959396920120375,0.4889023709414942,-0.23428369449643016
-0.8363336642739987,1.2516637786667977,-1.4516484385428832,-0.46383855878844443
-1.327612642532466,1.3093739230116577,-0.6754281147491322,1.3726003555476698
-0.3958930828255869,1.4247942117013774,0.682957451889932,-0.46383855878844443
0.5605604006270228,-1.2875825725070384,-0.8694831956975699,-1.1525031516644872
1.1044060471295698,-0.1333796856098402,-0.2873179528522567,-1.3820580159565015
-0.05530067558691834,-0.47964055167899966,-0.2873179528522567,0.6839357626716269
0.706769094532184,1.1939536343219377,0.8770125328383697,0.6839357626716269
-1.629790485973091,1.3670840673565174,-0.48137303380069446,0.45438089837961265
0.8006430476480365,-1.1144521394724587,0.8770125328383697,0.9134906269636413
-0.10241850685079312,0.03975074742473954,-1.0635382766460078,0.6839357626716269
-0.47803932611098743,-1.1721622838173187,1.2651226947352452,-1.3820580159565015
-0.6347627778770968,-0.07566954126498028,-0.2873179528522567,1.602155219839684
-0.33121423342272743,-1.6915535829210577,-1.2575933575944453,-1.1525031516644872
-0.8035907234243069,0.6168521908733386,0.8770125328383697,1.3726003555476698
0.47297223974317987,1.2516637786667977,-1.2575933575944453,-0.23428369449643016
-0.14637031176200935,-0.7104811290584393,-1.0635382766460078,0.9134906269636413
0.296133998638637,0.9054029125976383,0.2948472899930565,0.6839357626716269
0.3701816805321497,-1.2298724281621785,0.10079220904461875,-0.6933934230804587
-0.24643817696896764,-0.4219304073341398,-0.48137303380069446,-0.00472883020441589
-0.36910129888362375,0.21288118045931928,-1.4516484385428832,-1.1525031516644872
-1.0611580374265865,-0.7681912734032992,1.0710676137868074,-1.3820580159565015
-0.952576958818704,1.0208232012873582,-1.4516484385428832,1.1430454912556556
0.7965672005282342,-1.4607130055416182,-1.0635382766460078,1.3726003555476698
0.5277113368139674,-0.9990318507827389,-0.2873179528522567,0.45438089837961265
1.7568244431315037,-0.8259014177481592,0.2948472899930565,-0.6933934230804587
-1.4838578400984024,0.32830146914903907,-0.8694831956975699,1.602155219839684
-0.6108259327449325,-0.1333796856098402,-0.2873179528522567,-1.611612880248516
-0.10390753223217743,-1.0567419951275987,-0.48137303380069446,1.3726003555476698
-0.0862298550904622,-0.1910898299547001,-1.4516484385428832,1.1430454912556556
-1.2840920455545983,0.5591420465284788,0.682957451889932,-0.46383855878844443
-0.10376487641708496,0.09746089176959945,-1.2575933575944453,1.602155219839684
-1.9675293382711876,1.2516637786667977,1.0710676137868074,0.6839357626716269
0.894162285311295,-0.1333796856098402,0.682957451889932,-1.611612880248516
-0.04551749460568578,-0.883611562093019,-1.2575933575944453,1.3726003555476698
-1.9390666758991302,-1.576133294231338,-0.8694831956975699,-0.23428369449643016
1.884655802618363,-1.4030028611967582,-1.6457035194913208,0.45438089837961265
-0.8998553384194173,-0.017959396920120375,-0.8694831956975699,-0.46383855878844443
-0.24218149123607483,0.21288118045931928,-1.2575933575944453,1.1430454912556556
0.9189287439933851,0.6745623352181985,-1.6457035194913208,-0.00472883020441589
-0.15716152134292466,-0.7104811290584393,0.8770125328383697,-0.00472883020441589
-0.4420198652988751,1.1939536343219377,0.8770125328383697,-0.922948287372473
-0.1275969100405749,-1.2875825725070384,0.8770125328383697,-1.3820580159565015
2.0311121929913614,1.2516637786667977,1.0710676137868074,-1.1525031516644872
1.0308636572200407,-0.1333796856098402,1.6532328566321206,-0.46383855878844443
2.20625938075343,-1.1721622838173187,0.682957451889932,-0.46383855878844443
1.3548990851614213,-1.3452927168518984,1.2651226947352452,-0.6933934230804587
-0.7518651589470924,-0.07566954126498028,1.0710676137868074,1.602155219839684
-0.3514940881189769,-0.8259014177481592,1.4591777756836828,0.22482603408759838
0.5194419998818753,-1.4030028611967582,-1.4516484385428832,0.45438089837961265
1.1407528935944156,1.713344933425677,1.0710676137868074,-1.1525031516644872
-0.06885267450353061,0.5014319021836189,1.6532328566321206,-1.3820580159565015
-0.5967724764002917,-0.36422026298927984,0.4889023709414942,0.45438089837961265
-1.1897595775593108,-1.2298724281621785,-1.2575933575944453,-1.3820580159565015
-0.08383794005540801,-1.1721622838173187,0.10079220904461875,0.45438089837961265
1.2894397877469848,0.03975074742473954,0.2948472899930565,-0.6933934230804587
0.7259434190677272,0.5014319021836189,-0.6754281147491322,1.602155219839684
-0.00633867018396608,0.6745623352181985,0.4889023709414942,-1.611612880248516
1.2291390551616823,-0.1910898299547001,-1.0635382766460078,0.22482603408759838
-1.292804135603318,-0.017959396920120375,1.0710676137868074,0.9134906269636413
-1.2058244591203418,-1.4607130055416182,-0.09326287190381899,-0.46383855878844443
-0.28751143515627503,0.6168521908733386,0.10079220904461875,0.22482603408759838
-0.082260325206218,0.6745623352181985,1.6532328566321206,1.3726003555476698
0.08048696364256402,0.8476927682527783,-1.0635382766460078,-0.00472883020441589
-0.19421175823104403,0.03975074742473954,-1.0635382766460078,-1.1525031516644872
0.11307768091411978,1.5402145003910972,0.2948472899930565,0.9134906269636413
0.44817002644313436,1.3670840673565174,0.682957451889932,-1.1525031516644872
0.08996149687236445,-0.1910898299547001,0.2948472899930565,-1.1525031516644872
0.2194215263330722,0.03975074742473954,1.2651226947352452,-0.23428369449643016
0.9578088779050871,-0.883611562093019,1.2651226947352452,-0.46383855878844443
1.157892412140402,-1.633843438576198,-1.6457035194913208,-0.46383855878844443
0.8947439231508827,1.4247942117013774,-0.8694831956975699,1.602155219839684
2.302601263961783,-0.9990318507827389,0.10079220904461875,0.45438089837961265
0.11973211150692531,0.15517103611445937,1.2651226947352452,1.602155219839684
0.021801028765199258,-1.2875825725070384,0.682957451889932,1.3726003555476698
-0.6594225246077096,1.6556347890808172,-0.09326287190381899,-1.611612880248516
-1.0294032261215866,1.0208232012873582,-0.2873179528522567,-1.611612880248516
-0.9177721022781783,0.7899826239079184,0.8770125328383697,-0.23428369449643016
0.12157080485333972,0.9631130569424982,1.2651226947352452,0.9134906269636413
-0.041617507347018724,-0.9990318507827389,0.8770125328383697,1.602155219839684
1.0703042279703794,-0.9413217064378789,1.0710676137868074,-0.922948287372473
1.3731694827590553,1.4247942117013774,1.6532328566321206,-0.00472883020441589
1.1142777276364693,0.8476927682527783,0.8770125328383697,0.45438089837961265
-0.27128545696314094,0.7899826239079184,-0.2873179528522567,1.3726003555476698
0.13797579004832256,-0.07566954126498028,0.4889023709414942,0.22482603408759838
2.018990488221067,0.9054029125976383,-1.0635382766460078,-1.3820580159565015
1.1197155576406475,0.6745623352181985,-0.2873179528522567,-0.6933934230804587
-0.4542259534235852,-1.633843438576198,-0.09326287190381899,1.602155219839684
1.3660795358085243,-0.6527709847135794,1.4591777756836828,-1.611612880248516
0.8313673272247235,-0.6527709847135794,-0.6754281147491322,0.6839357626716269
0.054760477544343565,0.09746089176959945,-1.4516484385428832,0.9134906269636413
0.4842816673387663,-0.017959396920120375,-1.6457035194913208,1.1430454912556556
0.33157831932844006,1.5979246447359572,1.4591777756836828,-1.3820580159565015
-0.29623001239957997,0.9631130569424982,1.4591777756836828,-0.00472883020441589
-0.17192695425075552,-0.4219304073341398,1.2651226947352452,-1.3820580159565015
1.2777442530173866,-0.07566954126498028,0.10079220904461875,1.602155219839684
-1.42488872513986,-0.9990318507827389,-1.0635382766460078,-0.46383855878844443
0.6823415167086512,-0.4219304073341398,1.4591777756836828,1.1430454912556556
0.20605953549274003,0.03975074742473954,1.6532328566321206,0.22482603408759838
-1.0838323663569385,0.7322724795630585,-0.8694831956975699,-1.611612880248516
0.7395491577389964,1.078533345632218,-0.8694831956975699,-0.46383855878844443
0.6907786873834705,0.2705913248041792,-1.6457035194913208,0.6839357626716269
0.5542673857446848,-1.633843438576198,0.2948472899930565,0.22482603408759838
1.0355653502157662,-0.47964055167899966,0.682957451889932,0.9134906269636413
-0.8353991989057596,1.4825043560462374,-0.09326287190381899,-0.922948287372473
-1.0531240448674841,0.8476927682527783,-1.2575933575944453,0.45438089837961265
-0.17675348526680953,0.5014319021836189,-0.09326287190381899,0.22482603408759838
-0.4758951417290374,-1.4607130055416182,-0.2873179528522567,-0.6933934230804587
-0.3390358662446415,-0.5950608403687195,-1.2575933575944453,1.1430454912556556
0.5996740102153034,0.5014319021836189,0.2948472899930565,-0.00472883020441589
0.09797665936332077,0.386011613493899,-1.4516484385428832,1.3726003555476698
-1.1246023514008567,1.0208232012873582,1.4591777756836828,-0.46383855878844443
-1.5059092529188534,0.6168521908733386,0.10079220904461875,-1.1525031516644872
0.4546004844526729,-1.6915535829210577,-0.09326287190381899,-1.3820580159565015
0.08374048573405711,-0.883611562093019,1.0710676137868074,1.3726003555476698
1.1274902957362123,-0.7681912734032992,1.6532328566321206,1.602155219839684
-0.08333876608205981,0.44372175783875895,-0.09326287190381899,-0.922948287372473
0.5983196143808254,-0.883611562093019,0.2948472899930565,-0.23428369449643016
-0.25394953629769834,0.6168521908733386,0.4889023709414942,-0.23428369449643016
-1.0059031078478815,0.03975074742473954,-0.8694831956975699,-0.00472883020441589
0.5255819841611364,-0.6527709847135794,-1.6457035194913208,0.9134906269636413
0.023378804065170712,0.5014319021836189,1.4591777756836828,-0.922948287372473
-0.7333941503218836,-1.1721622838173187,-1.6457035194913208,0.22482603408759838
-1.4005012824204521,-0.4219304073341398,0.8770125328383697,0.22482603408759838
-2.12903769492796,1.3670840673565174,0.2948472899930565,0.6839357626716269
-0.09669845158732894,-0.9413217064378789,-1.2575933575944453,1.602155219839684
0.5910389027425397,-0.883611562093019,1.4591777756836828,1.602155219839684
-1.1424460749692698,1.6556347890808172,0.10079220904461875,-0.23428369449643016
0.2509783605707396,-0.883611562093019,-1.6457035194913208,-1.1525031516644872
-1.198967559039052,1.4247942117013774,0.682957451889932,-0.46383855878844443
0.3630509539542039,-1.0567419951275987,1.0710676137868074,-0.922948287372473
-1.2299733449190877,1.3093739230116577,0.2948472899930565,1.602155219839684
0.8205208271003004,0.386011613493899,-0.8694831956975699,-0.23428369449643016
-0.5078970584762091,-0.017959396920120375,0.10079220904461875,-0.23428369449643016
-1.0499437372068694,-1.6915535829210577,-1.6457035194913208,0.45438089837961265
0.6287794245613685,0.7322724795630585,-0.8694831956975699,-0.00472883020441589
-2.4923311814857336,1.2516637786667977,-0.2873179528522567,-0.23428369449643016
-0.047888189816257365,-0.4219304073341398,1.6532328566321206,-1.1525031516644872
-0.5243255098652497,-0.7104811290584393,-0.8694831956975699,-0.922948287372473
-0.4219322297435099,-1.633843438576198,-0.2873179528522567,-1.3820580159565015
-1.627001356279024,0.44372175783875895,-1.2575933575944453,-0.922948287372473
0.43154057783570543,1.4825043560462374,1.6532328566321206,1.602155219839684
0.42745059176920913,0.9054029125976383,-0.6754281147491322,0.22482603408759838
-1.98274361868525,1.136243489977078,1.0710676137868074,-1.3820580159565015
0.4184820290870502,0.9631130569424982,0.2948472899930565,0.22482603408759838
0.9477013059326266,0.9631130569424982,1.2651226947352452,-0.6933934230804587
0.17276055337226548,0.6745623352181985,-1.2575933575944453,-0.6933934230804587
-0.6739855824062359,1.3670840673565174,-0.8694831956975699,-1.3820580159565015
-0.09210776099224571,1.3670840673565174,-1.2575933575944453,1.602155219839684
-0.3381014403167193,-0.4219304073341398,1.0710676137868074,0.22482603408759838
1.181755150091882,-0.6527709847135794,0.4889023709414942,1.602155219839684
0.1398342035851816,-1.6915535829210577,-0.48137303380069446,-0.6933934230804587
1.0169760770553842,-0.7681912734032992,-0.2873179528522567,1.1430454912556556
-0.4370577796859217,0.7322724795630585,0.8770125328383697,-0.00472883020441589
-2.1110110510585285,-1.2875825725070384,-0.48137303380069446,1.1430454912556556
-0.4120252202209818,-0.017959396920120375,1.6532328566321206,0.9134906269636413
0.4511193753109635,0.2705913248041792,-1.4516484385428832,-1.611612880248516
-0.7521351647589464,-0.6527709847135794,-1.2575933575944453,-0.6933934230804587
-1.007029092032145,1.6556347890808172,-1.2575933575944453,0.45438089837961265
-0.2593488847325779,-1.1144521394724587,-1.6457035194913208,-1.3820580159565015
1.5824362524064515,-0.36422026298927984,-1.0635382766460078,-0.00472883020441589
0.0598847176931124,0.21288118045931928,-1.0635382766460078,-1.611612880248516
0.542736488347648,-0.4219304073341398,1.0710676137868074,-1.3820580159565015
-0.3225307669683701,-1.1721622838173187,-1.4516484385428832,-1.1525031516644872
2.347236049041376,-1.2298724281621785,-1.0635382766460078,-0.46383855878844443
0.3868961340357277,1.078533345632218,1.6532328566321206,-1.1525031516644872
1.0949105465700972,-0.9990318507827389,-0.09326287190381899,-0.46383855878844443
-0.5500971029183783,-1.4030028611967582,1.2651226947352452,-0.6933934230804587
-1.067776638254516,-1.2875825725070384,1.0710676137868074,1.602155219839684
-0.1244107100656054,-0.5950608403687195,0.4889023709414942,1.602155219839684
-0.013975915512257065,-0.1910898299547001,-1.0635382766460078,-0.46383855878844443
-0.5140050620971994,-0.4219304073341398,-1.4516484385428832,-1.611612880248516
-1.4824174950569888,-0.5373506960238595,-1.2575933575944453,-1.3820580159565015
-0.9059669308827545,-1.1144521394724587,-1.0635382766460078,0.6839357626716269
0.5005505209111307,1.1939536343219377,-0.2873179528522567,-0.922948287372473
0.5825229793081899,-1.633843438576198,0.10079220904461875,0.9134906269636413
-0.603410084497944,-0.1910898299547001,-1.0635382766460078,-0.23428369449643016
0.8408438840024123,0.2705913248041792,-1.4516484385428832,1.3726003555476698
0.24613681811437735,-0.7104811290584393,-0.48137303380069446,-1.1525031516644872
0.17335140939720395,-1.2298724281621785,-0.6754281147491322,1.3726003555476698
0.8371566232127492,-0.24879997429956002,0.682957451889932,1.1430454912556556
0.8990145271911221,-1.2298724281621785,-0.2873179528522567,-1.3820580159565015
0.16127832240982629,0.6745623352181985,1.0710676137868074,0.45438089837961265
1.0075943440138404,1.6556347890808172,0.8770125328383697,1.1430454912556556
-0.46943379333699825,-0.1333796856098402,0.2948472899930565,1.602155219839684
1.4491206743302727,-0.883611562093019,0.10079220904461875,0.9134906269636413
-0.293306021988543,-0.6527709847135794,0.2948472899930565,1.3726003555476698
1.6608164973839912,1.136243489977078,0.2948472899930565,-0.922948287372473
0.22260716295901695,1.713344933425677,-0.8694831956975699,1.1430454912556556
1.5250342018477556,0.32830146914903907,-0.48137303380069446,-0.46383855878844443
0.2260213648607178,-0.5373506960238595,-0.48137303380069446,1.3726003555476698
-0.4897922966551826,-0.9990318507827389,0.10079220904461875,1.3726003555476698
-0.9426193982188411,1.078533345632218,0.682957451889932,-1.611612880248516
0.9441547453056548,1.3670840673565174,0.10079220904461875,1.1430454912556556
-0.6065141703740745,-0.9990318507827389,0.682957451889932,-1.1525031516644872
-0.23045491226863363,1.713344933425677,0.682957451889932,-0.6933934230804587
-0.150899419604643,0.5591420465284788,1.0710676137868074,0.9134906269636413
-1.3106125172692218,1.1939536343219377,-0.8694831956975699,1.602155219839684
0.09822456746352795,0.9054029125976383,0.10079220904461875,0.9134906269636413
1.4366096062312403,0.7322724795630585,-1.2575933575944453,1.3726003555476698
-0.13371729705560906,0.21288118045931928,1.0710676137868074,-1.3820580159565015
-0.4045720515873278,0.386011613493899,-0.48137303380069446,0.22482603408759838
-0.30431376789733955,-0.36422026298927984,-0.2873179528522567,1.602155219839684
-0.24346623346985682,-0.7681912734032992,0.8770125328383697,-0.46383855878844443
1.5582508953164347,0.15517103611445937,0.2948472899930565,-0.6933934230804587
2.1810886618783636,-0.1910898299547001,-0.09326287190381899,1.602155219839684
-0.9537637430493892,-0.5373506960238595,0.682957451889932,-1.3820580159565015
0.5824109262158591,-1.1721622838173187,1.0710676137868074,-1.611612880248516
-0.5262919451595413,-0.6527709847135794,0.8770125328383697,0.6839357626716269
-0.3715554893617901,-0.4219304073341398,-1.0635382766460078,1.3726003555476698
-0.9406086816333445,1.0208232012873582,-1.4516484385428832,-1.3820580159565015
-1.1003538719015948,0.6168521908733386,-1.0635382766460078,0.45438089837961265
-1.8015668888602743,1.4825043560462374,-0.09326287190381899,-1.611612880248516
0.04863051701824116,-0.5373506960238595,1.2651226947352452,1.3726003555476698
0.0843923851425488,0.09746089176959945,-0.8694831956975699,-0.23428369449643016
0.3481193755288157,0.9631130569424982,0.8770125328383697,0.9134906269636413
0.7611684752129023,-0.9413217064378789,-1.6457035194913208,-1.1525031516644872
0.592377914820222,-0.7681912734032992,-0.6754281147491322,-0.23428369449643016
1.5803481687833456,0.03975074742473954,-0.48137303380069446,0.45438089837961265
1.4434559078046516,0.03975074742473954,-0.09326287190381899,1.602155219839684
-1.7699020640469896,0.5591420465284788,-0.09326287190381899,-1.611612880248516
-1.782401357873509,-1.4030028611967582,-1.0635382766460078,-1.611612880248516
1.4221285037841378,1.713344933425677,-1.6457035194913208,-1.611612880248516
0.45599771645601134,0.9631130569424982,-1.4516484385428832,0.6839357626716269
-0.29499732095008174,1.713344933425677,-0.8694831956975699,-1.3820580159565015
-1.4916101150676009,1.0208232012873582,-0.6754281147491322,-0.922948287372473
-2.3230487117538146,0.5014319021836189,-0.6754281147491322,-0.6933934230804587
0.9919618270694511,1.1939536343219377,-1.6457035194913208,-1.611612880248516
1.5490624337331973,0.03975074742473954,1.6532328566321206,-1.611612880248516
2.017081933750163,0.09746089176959945,-0.48137303380069446,-1.611612880248516
0.5387567460613021,0.32830146914903907,-1.6457035194913208,0.9134906269636413
-0.19997349884255936,-1.4030028611967582,0.682957451889932,-0.23428369449643016
-0.22820809909883433,-0.1333796856098402,-1.2575933575944453,-0.00472883020441589
-0.1189922786689648,-0.4219304073341398,1.0710676137868074,-1.3820580159565015
-0.09788823806738858,-0.9413217064378789,0.4889023709414942,1.1430454912556556
0.640097257204353,1.3093739230116577,1.4591777756836828,1.602155219839684
-0.47181277188053244,-0.07566954126498028,0.4889023709414942,-1.1525031516644872
-1.7452112293478923,0.15517103611445937,0.10079220904461875,-0.46383855878844443
1.6259882478446952,1.136243489977078,0.2948472899930565,0.9134906269636413
-0.163826307560282,1.1939536343219377,1.4591777756836828,1.1430454912556556
-0.7703671994373864,-1.1721622838173187,0.2948472899930565,-0.6933934230804587
0.4225466376982757,-0.8259014177481592,-0.2873179528522567,-0.46383855878844443
0.4785582401131524,-1.2298724281621785,-1.6457035194913208,-0.46383855878844443
-0.6345980712412238,-1.633843438576198,0.10079220904461875,0.9134906269636413
0.24286594943633946,0.6745623352181985,0.8770125328383697,-0.23428369449643016
-0.737028760396001,0.6745623352181985,1.0710676137868074,0.9134906269636413
-0.45438749799548683,-1.576133294231338,1.6532328566321206,-0.46383855878844443
-0.5419369578995356,0.9054029125976383,1.6532328566321206,-1.611612880248516
1.123434491896478,0.9054029125976383,-0.2873179528522567,0.45438089837961265
-0.1472186903496625,-0.5950608403687195,1.0710676137868074,1.1430454912556556
-1.351050237050729,-0.4219304073341398,0.682957451889932,-1.3820580159565015
0.2763502722784137,1.3670840673565174,-0.09326287190381899,0.45438089837961265
0.7764886822075777,1.0208232012873582,-1.0635382766460078,1.1430454912556556
0.47276998932949815,0.6745623352181985,1.6532328566321206,-0.922948287372473
0.09378537064998063,-1.5184231498864782,-1.0635382766460078,1.602155219839684
-0.0296899985966014,1.1939536343219377,1.2651226947352452,0.22482603408759838
0.021654153699390055,-0.883611562093019,-1.4516484385428832,1.602155219839684
0.5036483886468037,-0.47964055167899966,-1.2575933575944453,0.22482603408759838
0.07271020897325826,-1.4607130055416182,1.0710676137868074,1.602155219839684
-0.9263686995688586,-0.5373506960238595,0.10079220904461875,-1.1525031516644872
0.09764220346992755,1.3670840673565174,-1.4516484385428832,-0.23428369449643016
-2.5179410569468708,0.09746089176959945,1.6532328566321206,1.1430454912556556
-1.3898041020211986,-1.2875825725070384,-0.8694831956975699,-0.00472883020441589
-0.3378329641889295,-1.5184231498864782,-1.2575933575944453,0.6839357626716269
1.1293306623759019,1.713344933425677,-0.48137303380069446,0.22482603408759838
-3.542834747921848,-0.36422026298927984,1.2651226947352452,0.22482603408759838
-0.5654873735458292,0.21288118045931928,0.2948472899930565,-0.6933934230804587
0.42603468772894426,1.2516637786667977,0.8770125328383697,-0.6933934230804587
-0.061944863417988674,-0.24879997429956002,0.2948472899930565,-1.3820580159565015
-0.1724506426455141,0.03975074742473954,-0.2873179528522567,1.3726003555476698
-0.52784448015344,0.44372175783875895,-0.6754281147491322,-0.23428369449643016
-0.9951651174183309,-0.24879997429956002,0.4889023709414942,-1.3820580159565015
1.3181623799874678,0.6168521908733386,-0.8694831956975699,-0.00472883020441589
1.5425593751142455,-0.1910898299547001,1.6532328566321206,0.9134906269636413
-0.498411868183616,-0.47964055167899966,-0.48137303380069446,-0.922948287372473
-0.2976213622515053,1.4825043560462374,-1.4516484385428832,1.3726003555476698
-0.6134362786753367,0.2705913248041792,0.682957451889932,0.9134906269636413
1.4376445939167137,-0.7104811290584393,-0.8694831956975699,0.22482603408759838
-0.18631757228888324,-1.0567419951275987,-1.4516484385428832,0.45438089837961265
-0.20152530801238264,-1.4607130055416182,-1.2575933575944453,1.1430454912556556
0.41492856041014164,1.4247942117013774,0.2948472899930565,0.9134906269636413
-0.4085053740836818,1.5402145003910972,0.682957451889932,0.22482603408759838
-0.6271393305147487,-0.9413217064378789,-0.48137303380069446,0.9134906269636413
-0.05476090355982698,-0.9413217064378789,1.2651226947352452,0.22482603408759838
-0.635851166233243,1.0208232012873582,-0.09326287190381899,0.45438089837961265
0.6245778111718561,-0.7681912734032992,-0.48137303380069446,0.22482603408759838
0.18982886817831238,0.6745623352181985,1.2651226947352452,-1.1525031516644872
-0.006148234250009126,-1.2875825725070384,-1.4516484385428832,1.3726003555476698
-1.073858341836261,1.5979246447359572,-0.2873179528522567,0.9134906269636413
-0.4519149310799114,-1.5184231498864782,-0.8694831956975699,1.602155219839684
-0.7025315933844133,-1.6915535829210577,0.4889023709414942,0.6839357626716269
-2.841684104503793,-0.1910898299547001,-0.09326287190381899,0.6839357626716269
2.9216835139942106,-0.017959396920120375,-1.2575933575944453,-0.922948287372473
-0.16079280831290055,0.6168521908733386,-0.09326287190381899,-1.1525031516644872
-0.7625204628737436,1.2516637786667977,-0.09326287190381899,0.45438089837961265
0.5065472732950158,0.7899826239079184,-0.48137303380069446,-0.46383855878844443
-0.17820772363320575,-1.633843438576198,-0.48137303380069446,-0.6933934230804587
-0.2806353526524396,-0.47964055167899966,1.6532328566321206,0.22482603408759838
0.8520113667992174,-0.7104811290584393,-1.4516484385428832,1.602155219839684
-0.750693617064476,-0.36422026298927984,-1.4516484385428832,0.9134906269636413
-1.3184079818152583,-1.576133294231338,-1.6457035194913208,0.6839357626716269
-0.21925973978535987,0.9631130569424982,-1.2575933575944453,-1.1525031516644872
0.6087830161031162,0.386011613493899,-0.8694831956975699,1.3726003555476698
0.009693704415622853,1.713344933425677,-0.2873179528522567,-0.6933934230804587
1.5339015398251643,-0.8259014177481592,0.2948472899930565,1.602155219839684
0.6725368680087238,1.4247942117013774,-0.6754281147491322,-1.1525031516644872
0.14209629559209838,0.8476927682527783,0.682957451889932,-0.00472883020441589
-0.8969217182348959,-1.1144521394724587,-0.48137303380069446,-0.6933934230804587
0.9658324162533348,1.6556347890808172,1.2651226947352452,0.45438089837961265
-1.337694100149688,1.5402145003910972,1.4591777756836828,0.6839357626716269
0.9622134964654077,-0.017959396920120375,1.6532328566321206,1.3726003555476698
-1.4095865274739456,-1.2298724281621785,0.682957451889932,0.45438089837961265
1.3832607801619086,-1.633843438576198,1.6532328566321206,0.9134906269636413
-0.44297223130739294,-1.1144521394724587,1.2651226947352452,0.45438089837961265
1.8818587269487697,-0.36422026298927984,1.4591777756836828,-0.00472883020441589
-0.24713221014570824,-0.8259014177481592,1.4591777756836828,1.602155219839684
1.0873698075261142,0.2705913248041792,-0.8694831956975699,0.9134906269636413
-2.401579812269296,-0.5373506960238595,-0.2873179528522567,0.22482603408759838
1.3893013545936284,-1.6915535829210577,-0.09326287190381899,1.602155219839684
0.767540337906196,1.0208232012873582,-0.2873179528522567,-0.6933934230804587
-0.17283464102021132,0.21288118045931928,0.8770125328383697,-0.46383855878844443
0.1599988100495388,0.9054029125976383,0.8770125328383697,-0.23428369449643016
-1.581135630303081,-1.1144521394724587,-1.6457035194913208,-0.922948287372473
-0.4348894892901461,0.7899826239079184,-1.2575933575944453,-1.3820580159565015
-0.2735330395485905,0.32830146914903907,1.0710676137868074,-0.00472883020441589
0.12981787551212945,0.32830146914903907,-1.0635382766460078,-1.1525031516644872
-1.8071296410074156,-0.24879997429956002,0.4889023709414942,-1.611612880248516
-0.3209190693413695,-0.9413217064378789,-0.6754281147491322,0.22482603408759838
-0.3922974693394354,-0.7104811290584393,-0.48137303380069446,1.1430454912556556
1.5580186856939107,-0.24879997429956002,-0.8694831956975699,0.22482603408759838
-0.18268526699772242,-1.4030028611967582,-0.09326287190381899,-1.1525031516644872
1.2815351581149854,0.5591420465284788,0.2948472899930565,-1.3820580159565015
1.0978295447823792,0.5591420465284788,-0.48137303380069446,0.45438089837961265
1.4323545064785341,-0.5950608403687195,-1.2575933575944453,0.22482603408759838
-0.14025358202873447,0.6168521908733386,0.682957451889932,1.3726003555476698
-0.7798435046483619,-1.0567419951275987,-0.8694831956975699,-0.922948287372473
0.1402721229066417,-1.6915535829210577,1.4591777756836828,0.22482603408759838
0.6155712299681664,-0.8259014177481592,1.0710676137868074,0.22482603408759838
1.5325973965529698,0.8476927682527783,0.2948472899930565,0.9134906269636413
-0.15351331770605905,1.4247942117013774,-0.2873179528522567,-0.00472883020441589
0.04033102280821793,-1.2875825725070384,0.682957451889932,1.1430454912556556
-0.07434148669644908,0.09746089176959945,-0.6754281147491322,-0.46383855878844443
-0.7994314011115575,-0.6527709847135794,-0.2873179528522567,-1.611612880248516
-0.7868201257183176,1.3670840673565174,0.10079220904461875,1.3726003555476698
-0.029799247075130708,1.5402145003910972,-0.6754281147491322,0.22482603408759838
-0.1403289021153507,-1.5184231498864782,-0.09326287190381899,0.6839357626716269
0.6787174657748838,0.32830146914903907,0.10079220904461875,0.22482603408759838
-0.41159259600000286,-1.4607130055416182,0.2948472899930565,0.22482603408759838
-0.8996674692037734,0.09746089176959945,-0.6754281147491322,-0.00472883020441589
1.1292737651258895,0.8476927682527783,0.8770125328383697,-0.6933934230804587
-0.5006999292319961,1.4247942117013774,1.4591777756836828,0.22482603408759838
-0.9103315703451408,1.4247942117013774,-0.09326287190381899,-0.00472883020441589
-0.6428926391828415,-0.47964055167899966,-1.4516484385428832,1.602155219839684
0.6620334777959174,0.386011613493899,-0.09326287190381899,-0.00472883020441589
-0.30535529453283106,1.136243489977078,-0.2873179528522567,-0.922948287372473
1.37649354627436,-0.30651011864441996,1.6532328566321206,0.6839357626716269
-0.26790825697765164,0.21288118045931928,0.4889023709414942,1.1430454912556556
0.7958260517983332,-1.6915535829210577,-0.6754281147491322,-0.6933934230804587
-0.5975448911282559,1.4247942117013774,-0.2873179528522567,-0.6933934230804587
0.1804574666565942,0.03975074742473954,-0.2873179528522567,-1.1525031516644872
-0.2787852667697013,-0.017959396920120375,-0.48137303380069446,-0.6933934230804587
-0.8928645155254181,-1.6915535829210577,-0.09326287190381899,0.22482603408759838
1.408786549068492,1.6556347890808172,-1.4516484385428832,-0.6933934230804587
0.7041331542028968,-1.3452927168518984,-0.09326287190381899,0.45438089837961265
-0.21107607757613742,-1.4607130055416182,0.10079220904461875,1.1430454912556556
0.10385685681647612,-0.5373506960238595,-0.2873179528522567,-0.922948287372473
-0.2606718646793203,0.21288118045931928,-0.8694831956975699,-1.1525031516644872
0.4020781720063153,-0.30651011864441996,-1.4516484385428832,-0.46383855878844443
-0.38730240096161017,-0.8259014177481592,-1.4516484385428832,-0.6933934230804587
1.8121688032689593,0.09746089176959945,0.682957451889932,0.6839357626716269
-0.8772614004078204,0.7322724795630585,0.8770125328383697,-0.46383855878844443
-0.09635071393978971,-0.1333796856098402,0.682957451889932,1.602155219839684
1.7903252698932495,-1.633843438576198,-0.48137303380069446,-0.00472883020441589
0.7823780435075491,0.5014319021836189,-0.8694831956975699,-0.6933934230804587
0.19834241864509883,-0.8259014177481592,0.8770125328383697,0.9134906269636413
-0.3726166854707125,-0.8259014177481592,-1.4516484385428832,-0.46383855878844443
0.3298653580307644,1.1939536343219377,-1.2575933575944453,-0.6933934230804587
0.23336259124827863,0.7899826239079184,-1.4516484385428832,1.602155219839684
-0.11665819941914952,1.2516637786667977,0.682957451889932,-1.1525031516644872
-0.18848300692163694,-0.5373506960238595,0.10079220904461875,0.9134906269636413
-1.1981504861291576,0.7899826239079184,-0.8694831956975699,-0.23428369449643016
1.1049730063999534,-0.5373506960238595,0.682957451889932,0.22482603408759838
-0.3587911042216774,1.3093739230116577,0.2948472899930565,-0.46383855878844443
-0.19162363357356105,0.9054029125976383,1.0710676137868074,1.1430454912556556
0.8868629517549133,-0.7104811290584393,1.6532328566321206,-1.611612880248516
-0.10789088797259583,0.9631130569424982,-0.2873179528522567,-0.6933934230804587
-1.4181554720954939,-1.3452927168518984,1.6532328566321206,0.45438089837961265
-0.5490930849993338,-0.883611562093019,0.10079220904461875,1.602155219839684
0.5730143148412701,1.713344933425677,1.0710676137868074,-0.00472883020441589
0.6279404430261368,1.4247942117013774,1.6532328566321206,0.6839357626716269
0.49904884304176816,1.5979246447359572,1.2651226947352452,0.6839357626716269
3.026524030275579,0.21288118045931928,1.4591777756836828,0.45438089837961265
-1.5212900998185834,-0.9990318507827389,1.6532328566321206,0.45438089837961265
0.5434643590833362,-1.1721622838173187,-1.4516484385428832,-1.3820580159565015
-0.6024737426244772,0.9631130569424982,-1.6457035194913208,1.1430454912556556
0.26250070320133434,1.5979246447359572,0.8770125328383697,-0.23428369449643016
-0.4500588101454073,1.136243489977078,-1.6457035194913208,-0.00472883020441589
-0.028258747126446323,-1.6915535829210577,-0.6754281147491322,-0.23428369449643016
-0.6068887984588365,1.4247942117013774,-0.48137303380069446,0.6839357626716269
-0.43246719404843015,0.2705913248041792,-0.6754281147491322,-0.6933934230804587
-0.5340307035322922,1.2516637786667977,-0.6754281147491322,-1.3820580159565015
-2.167346660961534,1.4825043560462374,-1.0635382766460078,-1.611612880248516
-0.12913461488239322,-1.576133294231338,0.2948472899930565,1.3726003555476698
0.3269003878553494,-1.1721622838173187,-0.6754281147491322,-1.1525031516644872
-0.5414656902309356,0.7899826239079184,0.4889023709414942,-0.922948287372473
0.4822229085965457,1.2516637786667977,0.8770125328383697,0.45438089837961265
-0.44885885877145104,-0.47964055167899966,1.4591777756836828,-0.46383855878844443
-0.4924213176849915,0.386011613493899,-1.0635382766460078,0.22482603408759838
1.1484170529710207,0.6745623352181985,-1.0635382766460078,0.9134906269636413
0.2260669226299423,1.078533345632218,-0.48137303380069446,-1.611612880248516
0.48481464366098587,-1.3452927168518984,-1.6457035194913208,-0.23428369449643016
0.13591661619521048,-0.8259014177481592,0.2948472899930565,1.3726003555476698
0.18117224885868743,1.3093739230116577,-1.2575933575944453,-0.6933934230804587
0.39492256719563307,1.4825043560462374,-0.6754281147491322,1.1430454912556556
-1.2795452947580668,1.713344933425677,-1.2575933575944453,-1.611612880248516
-0.735632420812543,1.5402145003910972,-0.48137303380069446,-0.00472883020441589
-0.3649211120515221,-0.8259014177481592,-0.2873179528522567,0.45438089837961265
-0.44110154360379017,0.9631130569424982,-0.2873179528522567,-1.3820580159565015
-1.0267652769414912,-0.9413217064378789,-0.6754281147491322,-0.46383855878844443
-0.8847873431658339,0.6745623352181985,0.682957451889932,-0.00472883020441589
0.990965174979954,0.7899826239079184,-1.4516484385428832,-0.23428369449643016
-0.08302614979419586,-1.2298724281621785,-1.6457035194913208,-0.23428369449643016
-0.5895438961072422,-0.6527709847135794,-0.8694831956975699,-1.3820580159565015
0.5039174702923854,-0.9990318507827389,-0.2873179528522567,0.45438089837961265
-0.8978922781161004,0.7899826239079184,1.0710676137868074,1.1430454912556556
1.3947132779722389,1.5979246447359572,0.2948472899930565,-0.46383855878844443
0.35319625460009707,-0.1333796856098402,-0.6754281147491322,0.45438089837961265
2.5651976715818745,-0.1910898299547001,0.8770125328383697,0.22482603408759838
1.30568595911925,-0.5373506960238595,0.2948472899930565,-1.3820580159565015
0.18001223117779405,-0.47964055167899966,-0.8694831956975699,-0.23428369449643016
1.8337164903497443,0.6745623352181985,-1.2575933575944453,-0.6933934230804587
-0.1910870737734375,1.4247942117013774,-0.6754281147491322,0.6839357626716269
-1.777734996732447,-0.8259014177481592,-1.0635382766460078,-0.6933934230804587
-1.2571762747533672,-0.5373506960238595,-1.4516484385428832,-1.611612880248516
-1.0009497865926995,-0.9413217064378789,1.6532328566321206,-1.611612880248516
0.9450937438209963,1.2516637786667977,0.8770125328383697,0.45438089837961265
0.6617428124833687,1.1939536343219377,1.0710676137868074,1.1430454912556556
0.7420713375906286,-0.9990318507827389,-0.48137303380069446,0.9134906269636413
-1.249520747829896,1.136243489977078,-1.6457035194913208,1.602155219839684
-0.11758020546196317,1.6556347890808172,0.10079220904461875,-0.23428369449643016
-0.5723010951927496,-0.9990318507827389,0.682957451889932,-0.6933934230804587
0.840401173768632,0.5591420465284788,0.4889023709414942,0.6839357626716269
-0.37657416770578117,-1.2298724281621785,1.6532328566321206,1.3726003555476698
-1.6271226196562492,1.5979246447359572,-0.09326287190381899,-0.00472883020441589
-0.45441905883803496,1.3093739230116577,-0.6754281147491322,-0.922948287372473
-0.39772760547863784,1.3093739230116577,1.6532328566321206,-1.1525031516644872
1.3535017907091824,1.5979246447359572,-0.2873179528522567,-1.3820580159565015
0.5166794328645165,0.6168521908733386,1.2651226947352452,0.9134906269636413
0.39085492682768164,-0.5950608403687195,-1.6457035194913208,1.3726003555476698
-1.2551567957734953,1.4825043560462374,-0.09326287190381899,-0.6933934230804587
1.1208233290184113,1.078533345632218,0.4889023709414942,0.6839357626716269
-0.7198514638600174,-0.7681912734032992,-0.48137303380069446,-1.3820580159565015
-0.46803049199304886,-0.47964055167899966,0.4889023709414942,-0.6933934230804587
0.8955007872544881,-0.7681912734032992,1.2651226947352452,0.9134906269636413
-0.06507750282972838,1.5979246447359572,-0.48137303380069446,-1.611612880248516
0.5589567917021024,-0.883611562093019,-1.6457035194913208,-0.922948287372473
0.2224020572067656,1.0208232012873582,-0.2873179528522567,-0.00472883020441589
-0.10648643686648128,-1.2875825725070384,-0.2873179528522567,0.9134906269636413
-0.10691589858222453,-0.30651011864441996,0.682957451889932,-0.00472883020441589
-1.3029484592376341,1.0208232012873582,-0.48137303380069446,-1.611612880248516
0.4303163313004486,0.6168521908733386,-0.48137303380069446,-1.611612880248516
-0.9548364728821634,-1.3452927168518984,1.6532328566321206,-0.46383855878844443
0.9000978762841028,-0.7104811290584393,0.10079220904461875,0.9134906269636413
-1.2051385842683124,-0.5373506960238595,0.2948472899930565,0.45438089837961265
1.4812796616112158,1.1939536343219377,-1.4516484385428832,-1.3820580159565015
-0.2994572912039815,-1.4607130055416182,0.8770125328383697,-0.922948287372473
0.9676418048938702,-0.1910898299547001,1.0710676137868074,1.1430454912556556
1.2053072053205467,0.32830146914903907,-0.2873179528522567,-0.23428369449643016
-0.26663307409158005,-0.883611562093019,-0.48137303380069446,-1.611612880248516
-0.6216835995491431,-0.36422026298927984,-0.6754281147491322,0.22482603408759838
0.38077651740757307,0.44372175783875895,1.2651226947352452,0.45438089837961265
1.4286226898960692,-0.9990318507827389,0.4889023709414942,-0.6933934230804587
1.8235128786196684,-0.30651011864441996,-0.2873179528522567,-0.6933934230804587
-2.1489099999932746,-0.9990318507827389,-0.2873179528522567,-0.23428369449643016
-1.0048151074174647,-1.4607130055416182,0.682957451889932,1.602155219839684
0.4443469075268249,-0.5373506960238595,-1.2575933575944453,0.22482603408759838
-0.13608831970925167,0.6168521908733386,-0.2873179528522567,-0.23428369449643016
0.9122090364218167,-0.9413217064378789,0.4889023709414942,-1.1525031516644872
-0.2514720828550045,-0.017959396920120375,0.8770125328383697,-0.00472883020441589
-1.1549347234840734,-0.883611562093019,0.2948472899930565,-0.922948287372473
-1.8281927504667614,-1.1721622838173187,0.10079220904461875,-1.611612880248516
0.4959473600920667,0.09746089176959945,-0.2873179528522567,0.45438089837961265
-0.11456767755895783,0.32830146914903907,0.10079220904461875,1.602155219839684
-0.3434842029255252,0.386011613493899,-0.2873179528522567,-0.6933934230804587
0.5431255899560112,-0.1333796856098402,1.4591777756836828,-1.1525031516644872
-1.5102893023568533,-1.0567419951275987,1.4591777756836828,-1.611612880248516
-0.39509929146546596,0.6745623352181985,-1.0635382766460078,-1.3820580159565015
1.7753254488630243,1.6556347890808172,1.4591777756836828,1.1430454912556556
-1.645641491122408,1.0208232012873582,0.8770125328383697,-1.1525031516644872
-0.7643149127700195,1.713344933425677,0.10079220904461875,-0.6933934230804587
0.16622547808039784,1.3093739230116577,1.0710676137868074,0.6839357626716269
-0.5123065981374579,-0.4219304073341398,0.8770125328383697,-0.00472883020441589
-0.9670654672631738,0.9631130569424982,0.682957451889932,1.3726003555476698
-0.5901369121814947,-0.07566954126498028,0.682957451889932,1.3726003555476698
0.22327951959589498,-0.883611562093019,0.10079220904461875,1.602155219839684
2.6535912936084958,-0.6527709847135794,0.682957451889932,-1.3820580159565015
0.9554539516458963,-0.47964055167899966,-0.6754281147491322,0.6839357626716269
-0.058970602169386085,1.713344933425677,1.2651226947352452,-0.6933934230804587
0.9607898967276566,0.6168521908733386,-1.2575933575944453,1.3726003555476698
1.3425214758326276,-0.5950608403687195,-1.2575933575944453,1.3726003555476698
0.1167915468515492,-0.1910898299547001,0.4889023709414942,1.602155219839684
0.1638446265529678,1.1939536343219377,0.4889023709414942,-1.611612880248516
0.15541588724103578,0.03975074742473954,-1.0635382766460078,-0.00472883020441589
-1.3482342826589242,0.2705913248041792,0.682957451889932,-1.611612880248516
0.2376030336839323,-0.1333796856098402,-0.8694831956975699,0.6839357626716269
-0.26479873472925275,-1.4030028611967582,1.0710676137868074,0.45438089837961265
1.3769954037620113,0.6168521908733386,1.4591777756836828,0.9134906269636413
0.2298422242892045,-1.2875825725070384,-0.8694831956975699,-0.46383855878844443
0.653058156034127,-1.3452927168518984,-0.2873179528522567,0.6839357626716269
-3.302420606919192,-1.576133294231338,-0.6754281147491322,-0.23428369449643016
-0.7989994088974449,-0.8259014177481592,-0.6754281147491322,-0.6933934230804587
-0.11023493626055314,-0.6527709847135794,0.2948472899930565,0.9134906269636413
0.48154104250287416,-0.017959396920120375,0.4889023709414942,0.9134906269636413
1.6882446676078402,-0.36422026298927984,-1.4516484385428832,-0.00472883020441589
-0.8306876541591622,1.136243489977078,0.4889023709414942,-0.6933934230804587
-1.2602196469045353,-1.4607130055416182,0.4889023709414942,1.3726003555476698
0.5813034199489457,-0.9990318507827389,-1.6457035194913208,1.602155219839684
0.7854933078957532,1.1939536343219377,-0.8694831956975699,-1.1525031516644872
-1.5281042605327166,-0.7104811290584393,0.10079220904461875,-0.922948287372473
1.0621515950886622,0.5591420465284788,-1.0635382766460078,-0.922948287372473
-1.4377410372528179,-0.9413217064378789,-1.2575933575944453,-0.00472883020441589
0.5721978063769286,1.136243489977078,1.6532328566321206,1.1430454912556556
-1.1593544337873254,-0.6527709847135794,1.4591777756836828,-0.922948287372473
1.9418391555565433,0.386011613493899,0.8770125328383697,-0.6933934230804587
-0.03957989654801556,-0.7104811290584393,-1.6457035194913208,1.602155219839684
0.15446441477697037,-1.3452927168518984,0.2948472899930565,-0.6933934230804587
-0.5222197861238687,-0.6527709847135794,-1.6457035194913208,0.9134906269636413
0.26567889807446116,-0.883611562093019,-1.6457035194913208,0.9134906269636413
0.058521005592840646,0.2705913248041792,-0.2873179528522567,-1.1525031516644872
0.3656701492164315,-0.36422026298927984,-0.8694831956975699,0.22482603408759838
-0.22579318017339126,0.03975074742473954,0.682957451889932,-1.611612880248516
-0.14127502216521995,-1.2875825725070384,0.10079220904461875,-1.611612880248516
-0.12100022362576157,1.3670840673565174,-1.6457035194913208,0.45438089837961265
2.5528023248468177,0.9631130569424982,-0.09326287190381899,-0.922948287372473
1.8094976232325632,1.078533345632218,1.2651226947352452,-1.611612880248516
-0.24237900955192462,-0.36422026298927984,-1.4516484385428832,0.6839357626716269
0.7321009109931976,0.7899826239079184,0.2948472899930565,1.3726003555476698
1.3790664084823976,0.8476927682527783,-1.2575933575944453,1.3726003555476698
-1.3593568444428477,1.1939536343219377,1.2651226947352452,1.3726003555476698
0.15857571477099974,-0.47964055167899966,0.8770125328383697,0.6839357626716269
-1.0779252837508344,-0.24879997429956002,0.10079220904461875,-0.23428369449643016
-0.6989980576696989,1.4825043560462374,-0.8694831956975699,-1.1525031516644872
1.6117274250016185,1.713344933425677,1.6532328566321206,0.6839357626716269
0.3131680616212599,-0.47964055167899966,0.8770125328383697,-0.46383855878844443
1.1778866045054583,1.6556347890808172,1.2651226947352452,0.6839357626716269
0.47597629508433414,-0.5373506960238595,1.4591777756836828,0.6839357626716269
-0.43819425904638676,-0.1333796856098402,-1.6457035194913208,0.9134906269636413
-1.1053010483858585,0.44372175783875895,-0.8694831956975699,1.602155219839684
1.0974668715887712,-0.883611562093019,-0.8694831956975699,-1.1525031516644872
-1.963347667568328,-0.5950608403687195,0.2948472899930565,-0.46383855878844443
0.4571869586740033,1.4825043560462374,-0.48137303380069446,1.602155219839684
-0.6812373556589322,0.6168521908733386,-0.8694831956975699,-1.1525031516644872
-0.5405460372519988,1.4247942117013774,-0.09326287190381899,0.45438089837961265
0.0018513491052256773,1.0208232012873582,1.4591777756836828,-1.1525031516644872
1.3264957254376384,-0.6527709847135794,0.682957451889932,-0.00472883020441589
0.7529689337770604,0.8476927682527783,-0.48137303380069446,1.1430454912556556
1.006969674361078,-1.0567419951275987,1.0710676137868074,-0.00472883020441589
0.3460388160387608,0.44372175783875895,-0.8694831956975699,0.6839357626716269
-0.6540836010838484,0.44372175783875895,0.682957451889932,0.9134906269636413
0.6127773884487631,1.4247942117013774,0.682957451889932,-1.1525031516644872
1.8027955701464011,0.5591420465284788,0.8770125328383697,1.602155219839684
0.034943393670039256,0.21288118045931928,1.6532328566321206,-1.3820580159565015
0.07869473077244342,-1.2298724281621785,1.4591777756836828,-0.922948287372473
0.06092327031280344,-1.2298724281621785,-0.6754281147491322,0.45438089837961265
-0.7789603293760928,0.6745623352181985,0.8770125328383697,0.6839357626716269
0.7061829895656541,1.3670840673565174,0.4889023709414942,1.1430454912556556
1.98243910129827,1.4247942117013774,0.2948472899930565,-1.3820580159565015
-0.36261977324211353,-0.36422026298927984,-1.2575933575944453,1.602155219839684
0.4493726054744087,-0.07566954126498028,0.10079220904461875,-0.6933934230804587
0.22476557895109747,0.9631130569424982,0.682957451889932,-0.46383855878844443
-1.379196905512823,-0.5950608403687195,-0.6754281147491322,-1.1525031516644872
0.2823941607639435,1.4247942117013774,-1.0635382766460078,-0.23428369449643016
1.6440612253449955,-0.9990318507827389,-0.6754281147491322,-0.23428369449643016
-0.0646741142408079,-0.8259014177481592,0.2948472899930565,0.6839357626716269
0.07441158471039334,1.6556347890808172,-1.0635382766460078,-0.922948287372473
0.3635632524378203,1.6556347890808172,1.2651226947352452,0.6839357626716269
1.2534376857025213,1.4825043560462374,-1.2575933575944453,-0.00472883020441589
2.4133060931927295,1.4825043560462374,0.8770125328383697,1.1430454912556556
-0.23924134736779662,1.5979246447359572,-0.09326287190381899,1.1430454912556556
0.555453493359576,-0.6527709847135794,-1.2575933575944453,0.9134906269636413
-1.1064032329028028,-0.9413217064378789,1.2651226947352452,-0.46383855878844443
-0.2567996745058559,1.5979246447359572,0.8770125328383697,-0.922948287372473
-0.1609979534889137,1.5402145003910972,1.4591777756836828,0.45438089837961265
0.8282670074462432,-1.4607130055416182,-0.8694831956975699,-0.6933934230804587
-0.7191445021202512,-0.1910898299547001,-1.6457035194913208,-0.23428369449643016
-0.4469535847428414,0.6168521908733386,0.4889023709414942,-0.23428369449643016
0.043588117451664576,1.713344933425677,-1.4516484385428832,0.22482603408759838
-0.2178989410024541,-0.30651011864441996,-0.48137303380069446,-0.46383855878844443
0.6263206041927265,1.4247942117013774,-1.4516484385428832,-0.922948287372473
0.6808977367967262,0.7899826239079184,0.682957451889932,-0.23428369449643016
-0.41012849283717046,-0.8259014177481592,-0.8694831956975699,-0.46383855878844443
0.46251785647514027,-0.7681912734032992,1.6532328566321206,0.22482603408759838
0.660026688645752,-0.9413217064378789,-0.8694831956975699,-0.00472883020441589
-0.573327450071292,-1.2298724281621785,1.4591777756836828,1.1430454912556556
-1.120011155055814,-1.576133294231338,-0.8694831956975699,-1.3820580159565015
-0.4156566095938536,0.32830146914903907,-0.8694831956975699,-0.922948287372473
0.7629929517010329,0.5014319021836189,1.2651226947352452,-1.1525031516644872
-0.2510927627310948,0.03975074742473954,-0.09326287190381899,0.9134906269636413
-0.48497532475974964,1.4247942117013774,-1.0635382766460078,1.3726003555476698
0.24542286871112642,-0.36422026298927984,-0.2873179528522567,-0.46383855878844443
1.5978788175390923,-0.24879997429956002,-0.2873179528522567,1.1430454912556556
0.008233449870692867,-1.576133294231338,-0.8694831956975699,-1.3820580159565015
-0.6283766792821616,-0.5373506960238595,-1.0635382766460078,0.9134906269636413
-1.0691414607601648,1.713344933425677,0.10079220904461875,-0.46383855878844443
-1.748957111561151,0.5591420465284788,0.4889023709414942,-0.00472883020441589
-0.9933602069081573,1.2516637786667977,0.2948472899930565,-0.6933934230804587
-0.32104895766049296,-0.8259014177481592,-0.09326287190381899,1.3726003555476698
-0.11991259176792213,1.4247942117013774,-1.0635382766460078,0.22482603408759838
0.6724450257778238,1.136243489977078,0.8770125328383697,-0.922948287372473
0.6794638180705036,0.7899826239079184,-1.4516484385428832,-0.46383855878844443
0.20871737874428306,0.21288118045931928,-0.8694831956975699,-1.3820580159565015
1.4788647324856015,0.9631130569424982,-1.4516484385428832,0.22482603408759838
-0.12470495375776346,0.7899826239079184,-1.2575933575944453,-1.3820580159565015
0.5074791469084834,0.6745623352181985,0.8770125328383697,-1.611612880248516
0.47489228445256315,-1.1721622838173187,-1.2575933575944453,0.9134906269636413
-0.48164792549090796,-0.30651011864441996,0.8770125328383697,-1.1525031516644872
-1.858346772324599,1.5402145003910972,-0.48137303380069446,1.1430454912556556
-0.4714989066065084,1.1939536343219377,-0.2873179528522567,0.22482603408759838
2.4296434940361826,0.32830146914903907,-1.0635382766460078,0.9134906269636413
-1.9057274662637262,0.5591420465284788,0.682957451889932,-0.23428369449643016
-1.0165237517589554,-1.576133294231338,-0.48137303380069446,-0.922948287372473
1.5641260476641887,1.3670840673565174,1.0710676137868074,-0.23428369449643016
2.1148103202876505,-0.7104811290584393,1.2651226947352452,0.6839357626716269
-0.3354006571484846,0.6168521908733386,-1.4516484385428832,-1.1525031516644872
0.8791701271029116,1.0208232012873582,0.4889023709414942,-0.46383855878844443
0.4265714914782205,-1.5184231498864782,1.6532328566321206,1.3726003555476698
0.20635136365578197,0.386011613493899,-0.2873179528522567,-1.3820580159565015
-0.030029653981527127,-0.1333796856098402,-0.2873179528522567,-1.611612880248516
-0.42666508870202074,0.9054029125976383,1.2651226947352452,0.6839357626716269
0.8107913809125394,0.6168521908733386,-1.0635382766460078,-1.3820580159565015
-0.6771218812530958,-1.2875825725070384,0.2948472899930565,-0.46383855878844443
1.1594406683404181,-1.2298724281621785,-0.48137303380069446,0.9134906269636413
-0.3475665056521873,-0.1910898299547001,0.682957451889932,1.602155219839684
0.44999840344083303,0.8476927682527783,-0.2873179528522567,1.602155219839684
0.4745877575343033,0.8476927682527783,-0.8694831956975699,0.45438089837961265
-1.2241435881938434,0.03975074742473954,-1.2575933575944453,-1.611612880248516
1.0663198538917829,-1.1721622838173187,1.2651226947352452,-1.3820580159565015
-0.18267889333182402,-1.6915535829210577,-0.8694831956975699,-0.922948287372473
-0.5500790083013006,-0.4219304073341398,-1.2575933575944453,-0.922948287372473
-0.990279194981046,0.03975074742473954,0.2948472899930565,0.22482603408759838
0.6999270648960879,-0.7681912734032992,-0.48137303380069446,0.6839357626716269
1.0346580997577657,-0.1910898299547001,-0.09326287190381899,1.602155219839684
0.8816884243574561,1.3670840673565174,1.0710676137868074,-1.3820580159565015
-0.10917742296016425,1.2516637786667977,0.8770125328383697,-0.00472883020441589
0.4919199565183532,0.21288118045931928,0.8770125328383697,1.1430454912556556
-1.5950260747906582,0.6168521908733386,-0.2873179528522567,1.1430454912556556
0.6402292332458138,-1.4607130055416182,-0.6754281147491322,-1.611612880248516
-0.34876954998816306,-0.36422026298927984,0.4889023709414942,1.3726003555476698
-0.9497349920358225,0.15517103611445937,0.2948472899930565,-0.46383855878844443
-0.11581791052916202,0.6168521908733386,-0.09326287190381899,0.45438089837961265
2.512576455889913,-1.4607130055416182,1.4591777756836828,0.45438089837961265
-0.6985248173222173,-0.7104811290584393,-0.09326287190381899,-1.611612880248516
1.355979623209274,0.5014319021836189,-0.2873179528522567,-0.922948287372473
-0.8358117280146393,1.136243489977078,-1.4516484385428832,0.22482603408759838
-1.9142363125536788,-0.4219304073341398,-1.0635382766460078,-0.00472883020441589
-0.8898174517908481,0.7899826239079184,1.0710676137868074,0.22482603408759838
0.7595771141379682,0.03975074742473954,0.682957451889932,1.3726003555476698
0.35337105545800557,-1.1721622838173187,-0.48137303380069446,-0.922948287372473
-1.5100307592288529,0.9631130569424982,0.682957451889932,1.1430454912556556
1.117707587367383,0.5591420465284788,-1.4516484385428832,0.22482603408759838
-1.2187540059921915,1.6556347890808172,-1.2575933575944453,-0.6933934230804587
0.5256414000640839,1.136243489977078,-1.4516484385428832,-0.00472883020441589
-0.691688853374684,-1.0567419951275987,-1.2575933575944453,-0.922948287372473
0.8411054531461264,-0.7681912734032992,-0.48137303380069446,-0.922948287372473
-0.28797279007984,-0.017959396920120375,-0.8694831956975699,0.9134906269636413
1.2994594512552127,0.6168521908733386,-0.6754281147491322,-0.922948287372473
-0.6919533962553638,-0.1333796856098402,1.6532328566321206,0.9134906269636413
-0.9961422019175136,-0.36422026298927984,0.8770125328383697,1.3726003555476698
0.9173632436570651,0.9054029125976383,-1.2575933575944453,0.45438089837961265
0.9227103091315985,1.0208232012873582,-0.6754281147491322,0.6839357626716269
0.6751145109989346,-0.07566954126498028,-0.09326287190381899,-0.6933934230804587
-1.3820282031218203,1.1939536343219377,1.2651226947352452,0.9134906269636413
-0.4872420252672855,0.6168521908733386,0.8770125328383697,1.3726003555476698
-0.6084758351580597,-1.2298724281621785,-1.6457035194913208,0.6839357626716269
0.7102552737689748,0.7899826239079184,1.0710676137868074,-0.00472883020441589
0.513971951292803,1.4825043560462374,0.8770125328383697,0.9134906269636413
-1.9301117247486552,-0.8259014177481592,1.4591777756836828,1.3726003555476698
-0.6431844230736306,0.8476927682527783,0.8770125328383697,1.602155219839684
-0.6017858607128649,-0.30651011864441996,0.682957451889932,-0.6933934230804587
-0.035080016647097506,-0.5950608403687195,-0.8694831956975699,1.3726003555476698
0.18046314995354024,-0.1910898299547001,1.2651226947352452,-1.3820580159565015
0.1516643226807894,-0.5950608403687195,-0.6754281147491322,0.6839357626716269
-1.3308830834321426,0.2705913248041792,1.4591777756836828,0.6839357626716269
-0.2914573437278075,-0.9990318507827389,0.682957451889932,1.1430454912556556
-1.1436946956915055,-1.2875825725070384,-0.09326287190381899,-0.922948287372473
0.7593470987166635,0.6168521908733386,0.2948472899930565,-0.23428369449643016
-2.331450110655854,-1.4030028611967582,-0.6754281147491322,-1.611612880248516
1.4019896570964043,-1.3452927168518984,1.4591777756836828,0.6839357626716269
-0.6638078198018288,1.5402145003910972,-0.48137303380069446,-0.23428369449643016
1.0775132162144452,-1.6915535829210577,-0.6754281147491322,-1.3820580159565015
0.5559002037019987,0.9631130569424982,-1.6457035194913208,1.1430454912556556
0.8393772661780561,0.32830146914903907,-1.2575933575944453,-0.6933934230804587
1.2467524345976633,-0.47964055167899966,-1.6457035194913208,-0.6933934230804587
-0.459694747322446,1.3093739230116577,1.0710676137868074,0.9134906269636413
-0.4135831663108387,0.03975074742473954,0.682957451889932,-0.00472883020441589
1.515553047367563,-0.7104811290584393,-0.09326287190381899,-0.922948287372473
-0.42715017770795494,1.3670840673565174,1.4591777756836828,-1.611612880248516
1.4825386531196991,1.713344933425677,1.0710676137868074,1.1430454912556556
1.225827483610383,-0.5950608403687195,-0.6754281147491322,1.602155219839684
0.664835003867276,0.6168521908733386,1.4591777756836828,0.6839357626716269
-0.7942687572386146,1.136243489977078,0.10079220904461875,0.9134906269636413
0.473387938740409,-1.0567419951275987,1.2651226947352452,-0.46383855878844443
-1.538006097759831,-0.6527709847135794,0.682957451889932,0.45438089837961265
-1.451692860332938,1.1939536343219377,1.2651226947352452,-0.46383855878844443
-0.3651368099969586,-0.017959396920120375,-0.48137303380069446,1.3726003555476698
-2.268712447999407,-1.1721622838173187,0.10079220904461875,-1.611612880248516
0.5981967989659477,0.15517103611445937,-1.0635382766460078,0.6839357626716269
-1.0712872790415184,1.136243489977078,0.682957451889932,0.6839357626716269
1.399054049992408,-0.5950608403687195,1.0710676137868074,0.45438089837961265
0.4513893236722213,0.32830146914903907,0.682957451889932,1.1430454912556556
-1.0779245028435585,0.6745623352181985,-0.2873179528522567,-1.1525031516644872
1.4323621414189334,-1.576133294231338,1.2651226947352452,0.9134906269636413
1.1664145663106096,-0.7681912734032992,1.4591777756836828,0.9134906269636413
-1.5744327255299726,0.9054029125976383,-0.8694831956975699,1.602155219839684
0.4943226437980447,-0.47964055167899966,1.2651226947352452,0.9134906269636413
-0.3651847682533103,1.3670840673565174,-0.09326287190381899,0.9134906269636413
0.6954493291211171,0.09746089176959945,0.682957451889932,-1.611612880248516
0.0706330407837499,-1.0567419951275987,0.4889023709414942,1.3726003555476698
0.13034121420730888,0.8476927682527783,-0.09326287190381899,-1.1525031516644872
1.1445014744042232,1.713344933425677,1.0710676137868074,1.1430454912556556
0.9873514922827054,0.2705913248041792,-1.0635382766460078,1.3726003555476698
0.9886865291902761,-1.576133294231338,-0.48137303380069446,0.9134906269636413
-0.8829706650812005,-0.36422026298927984,0.2948472899930565,0.45438089837961265
0.46524809122979466,-0.1910898299547001,-1.6457035194913208,-0.00472883020441589
1.4445554607976339,0.5591420465284788,1.6532328566321206,-1.3820580159565015
-1.5773265628341813,0.7899826239079184,-1.0635382766460078,-1.611612880248516
-0.4877965939413718,-0.5373506960238595,-1.2575933575944453,-0.46383855878844443
-0.6826713058268594,-0.7681912734032992,0.10079220904461875,-0.23428369449643016
0.5287113519627352,-1.2875825725070384,0.4889023709414942,-0.922948287372473
0.6110002139246422,1.0208232012873582,0.10079220904461875,-1.3820580159565015
-1.8514622464492294,1.3670840673565174,1.4591777756836828,1.602155219839684
0.26893638594191255,1.136243489977078,-1.4516484385428832,1.602155219839684
0.47946988458826484,-0.883611562093019,-1.6457035194913208,0.9134906269636413
0.9856616299790625,-0.47964055167899966,-0.8694831956975699,0.22482603408759838
-1.8683405946370257,0.6745623352181985,-0.8694831956975699,0.6839357626716269
-0.468158317251962,-1.1144521394724587,-1.4516484385428832,-0.922948287372473
0.0004141392072211102,-1.2298724281621785,0.682957451889932,1.602155219839684
-0.14183148539815574,-0.1910898299547001,-0.6754281147491322,0.6839357626716269
-1.8260094098985682,1.1939536343219377,-1.0635382766460078,0.9134906269636413
1.6739531783372756,1.713344933425677,-0.8694831956975699,1.1430454912556556
-0.5646367379470074,-0.8259014177481592,0.8770125328383697,0.9134906269636413
1.0323713658746394,1.2516637786667977,0.8770125328383697,-0.00472883020441589
-0.05837277774899668,-0.7681912734032992,0.4889023709414942,-1.611612880248516
-0.1639984460018193,0.32830146914903907,-1.4516484385428832,-1.611612880248516
-0.05698564154140136,1.078533345632218,-1.4516484385428832,1.1430454912556556
-2.20402520295312,-1.0567419951275987,1.4591777756836828,-0.46383855878844443
0.05767040936232455,-0.1333796856098402,-1.6457035194913208,-1.1525031516644872
-1.8926366778689487,-0.30651011864441996,-0.2873179528522567,-1.3820580159565015
1.7975206103397976,1.2516637786667977,-0.2873179528522567,1.3726003555476698
1.7985745185375352,-0.8259014177481592,0.2948472899930565,-0.6933934230804587
-0.39984752110687816,1.1939536343219377,-0.09326287190381899,-0.00472883020441589
0.48829319587423126,1.4825043560462374,0.2948472899930565,-1.611612880248516
1.3403161751677581,-1.3452927168518984,-0.6754281147491322,-1.611612880248516
1.4906468004637425,-0.9413217064378789,-0.48137303380069446,0.22482603408759838
0.021502837801371313,-0.36422026298927984,1.4591777756836828,1.1430454912556556
0.37830539965677434,0.21288118045931928,1.2651226947352452,0.9134906269636413
1.385672740224464,-0.6527709847135794,0.4889023709414942,-1.3820580159565015
1.7862236373020506,-1.2875825725070384,-1.4516484385428832,0.45438089837961265
1.4524629195575893,0.9054029125976383,1.4591777756836828,-0.922948287372473
-2.6625151386629367,1.4247942117013774,1.2651226947352452,-1.3820580159565015
-0.5761220729434782,-0.7681912734032992,0.682957451889932,-1.611612880248516
-0.43533544639320315,-1.5184231498864782,-0.09326287190381899,0.45438089837961265
0.3851861048678996,-1.3452927168518984,1.2651226947352452,1.3726003555476698
0.7712193768690672,-0.5950608403687195,1.6532328566321206,0.22482603408759838
1.4634089727933008,1.5979246447359572,-0.2873179528522567,-1.1525031516644872
0.9370008780949965,-1.2298724281621785,-1.2575933575944453,1.602155219839684
0.5177801631015598,1.3670840673565174,-1.4516484385428832,-1.1525031516644872
0.32449314207218716,0.8476927682527783,0.2948472899930565,-0.23428369449643016
-0.26248354003982327,0.386011613493899,-0.48137303380069446,1.602155219839684
-0.9933570745005733,-0.017959396920120375,-0.09326287190381899,-1.3820580159565015
-1.167681373437954,-0.36422026298927984,-1.2575933575944453,0.6839357626716269
-0.26998945390245416,-1.5184231498864782,1.0710676137868074,-0.23428369449643016
1.3975533940925502,-1.4607130055416182,-0.6754281147491322,-0.6933934230804587
-0.16701192924216549,-1.5184231498864782,1.4591777756836828,0.45438089837961265
1.7309391269595467,1.6556347890808172,-1.4516484385428832,1.3726003555476698
-0.025150332241206313,0.5014319021836189,-0.8694831956975699,0.6839357626716269
-0.6555605262696185,-0.9413217064378789,-0.8694831956975699,1.1430454912556556
-0.34412863934133087,1.078533345632218,0.4889023709414942,-1.611612880248516
-1.566007510227437,-1.1721622838173187,-0.48137303380069446,0.45438089837961265
0.01898220119708437,0.2705913248041792,1.2651226947352452,1.3726003555476698
0.7993536377810022,0.6745623352181985,0.8770125328383697,0.9134906269636413
1.854814141462572,1.078533345632218,-0.8694831956975699,0.6839357626716269
-1.9861711980500067,-1.3452927168518984,0.10079220904461875,1.1430454912556556
0.7891773661201642,1.2516637786667977,-0.09326287190381899,1.1430454912556556
0.9397788571257374,-1.0567419951275987,-1.0635382766460078,-0.46383855878844443
-0.280069061130664,0.2705913248041792,0.8770125328383697,0.45438089837961265
0.23027552904955015,-0.9990318507827389,-0.8694831956975699,1.3726003555476698
-1.108504199911129,1.2516637786667977,1.4591777756836828,-0.6933934230804587
-0.25294224810522037,1.4247942117013774,1.4591777756836828,0.22482603408759838
0.6004109450243478,0.9631130569424982,-0.8694831956975699,-1.3820580159565015
1.938517054567452,0.15517103611445937,-0.48137303380069446,-0.00472883020441589
-0.8012493231276442,1.1939536343219377,-0.48137303380069446,0.9134906269636413
0.7280971064205355,0.9631130569424982,1.0710676137868074,0.45438089837961265
-1.088006473020646,1.5402145003910972,0.682957451889932,1.602155219839684
-0.1572972131631778,0.09746089176959945,1.6532328566321206,1.1430454912556556
0.8569299303553839,-0.1333796856098402,-1.6457035194913208,0.9134906269636413
-1.3205222775879004,-0.47964055167899966,1.2651226947352452,-1.611612880248516
-1.00549267123876,0.15517103611445937,1.6532328566321206,-0.6933934230804587
-0.39514964474536496,0.8476927682527783,-0.2873179528522567,0.22482603408759838
-0.4216245168904204,1.3670840673565174,-1.6457035194913208,-0.23428369449643016
-0.05665295057212074,1.4247942117013774,-1.4516484385428832,-0.6933934230804587
-2.088056680087213,0.21288118045931928,1.0710676137868074,-0.00472883020441589
-1.2248530301852727,-0.9413217064378789,0.4889023709414942,-0.46383855878844443
-1.0266915219059287,-1.576133294231338,-1.4516484385428832,-0.46383855878844443
0.578220375380255,-1.2298724281621785,-0.2873179528522567,1.3726003555476698
-0.038431486215546616,1.4247942117013774,-0.09326287190381899,-0.46383855878844443
1.9846249089687087,0.15517103611445937,1.4591777756836828,0.45438089837961265
0.1635415337685461,0.9054029125976383,-0.48137303380069446,-0.922948287372473
0.07654528313312195,1.713344933425677,-0.2873179528522567,0.45438089837961265
-1.697229566241109,-0.5950608403687195,1.6532328566321206,-0.6933934230804587
0.556917026716579,-0.5373506960238595,1.6532328566321206,-0.6933934230804587
0.174217814435233,0.7322724795630585,0.4889023709414942,-0.6933934230804587
-0.6207736566605666,0.386011613493899,0.682957451889932,-0.46383855878844443
-0.6923938047259254,1.713344933425677,-1.2575933575944453,0.6839357626716269
-0.2350985028619685,1.3670840673565174,1.4591777756836828,0.9134906269636413
1.6838961662156924,-0.1333796856098402,-0.48137303380069446,0.45438089837961265
-0.04797697651826621,-1.3452927168518984,-1.0635382766460078,-0.00472883020441589
0.04298753827381392,1.0208232012873582,0.4889023709414942,0.9134906269636413
-0.8922141474585428,1.3670840673565174,-1.4516484385428832,-0.6933934230804587
-0.05566626069210723,0.2705913248041792,0.4889023709414942,-1.611612880248516
1.3931177977475075,0.15517103611445937,-0.8694831956975699,0.45438089837961265
-0.14905812883335734,-1.4030028611967582,-0.6754281147491322,-1.3820580159565015
-0.5625011790338177,0.03975074742473954,-1.4516484385428832,-0.6933934230804587
-0.2552582252259686,0.8476927682527783,-1.0635382766460078,1.3726003555476698
0.38490880967400115,0.7899826239079184,0.10079220904461875,-0.00472883020441589
0.29268361777199453,1.6556347890808172,1.2651226947352452,0.9134906269636413
0.6499523748980165,0.9054029125976383,0.8770125328383697,-0.46383855878844443
-0.34144324310018515,0.2705913248041792,-1.4516484385428832,0.6839357626716269
0.20226269558187754,-0.5373506960238595,0.10079220904461875,-1.611612880248516
-1.435358652274635,0.6168521908733386,-1.0635382766460078,1.1430454912556556
0.16150041495655257,0.2705913248041792,-1.0635382766460078,-1.3820580159565015
-0.599730373549107,0.09746089176959945,1.0710676137868074,1.3726003555476698
-1.4163657995948076,-1.1721622838173187,-0.2873179528522567,0.22482603408759838
0.5670861618942291,1.4247942117013774,0.2948472899930565,-1.3820580159565015
-0.47030458794973384,1.5979246447359572,0.8770125328383697,1.602155219839684
0.9125961758149648,-1.1721622838173187,-1.4516484385428832,0.22482603408759838
0.19880427550405189,1.6556347890808172,-0.2873179528522567,-0.6933934230804587
-1.0176714723331666,0.15517103611445937,0.8770125328383697,0.9134906269636413
-0.2998081564866627,0.5591420465284788,-1.6457035194913208,0.9134906269636413
1.345178238600955,-0.9990318507827389,0.8770125328383697,-1.1525031516644872
2.529212302791965,-0.1910898299547001,-0.09326287190381899,-0.46383855878844443
-2.2264013073573086,0.32830146914903907,-1.0635382766460078,0.22482603408759838
-0.0318165128000997,-1.6915535829210577,-0.09326287190381899,0.22482603408759838
1.4310491447686733,-0.7681912734032992,-1.6457035194913208,1.1430454912556556
-1.0737659203131718,-0.9990318507827389,0.2948472899930565,0.6839357626716269
0.17063839696421157,0.9631130569424982,-0.6754281147491322,-0.6933934230804587
0.00786021835639193,1.1939536343219377,1.0710676137868074,-0.46383855878844443
-0.6280056371117418,-1.576133294231338,-1.4516484385428832,0.45438089837961265
0.4575817330239127,1.5402145003910972,-1.0635382766460078,-0.922948287372473
-1.0391685402508082,-0.9990318507827389,-1.0635382766460078,0.22482603408759838
-0.6121971221594761,0.5014319021836189,-0.6754281147491322,1.602155219839684
-0.0034750178436148225,0.6168521908733386,0.10079220904461875,1.602155219839684
0.04407056782428531,-0.1910898299547001,0.8770125328383697,0.45438089837961265
0.37574666449180544,0.44372175783875895,-0.6754281147491322,-0.6933934230804587
0.4437291672029261,0.15517103611445937,-1.6457035194913208,1.1430454912556556
-0.2943735657754393,-0.30651011864441996,-1.2575933575944453,-0.46383855878844443
1.3566300164017,-0.4219304073341398,0.10079220904461875,0.6839357626716269
-0.28216408271523297,1.4247942117013774,-1.2575933575944453,1.602155219839684
-0.7316827214553403,-0.07566954126498028,0.10079220904461875,-0.46383855878844443
0.5840930305145838,0.09746089176959945,1.6532328566321206,0.45438089837961265
0.35491288097311435,-0.8259014177481592,0.8770125328383697,-0.23428369449643016
1.5241837600392683,-1.4607130055416182,1.6532328566321206,-0.23428369449643016
-0.4608156498575397,0.03975074742473954,1.2651226947352452,-1.611612880248516
-1.7775274234935095,-0.4219304073341398,-0.2873179528522567,0.22482603408759838
0.302769351780034,-1.3452927168518984,1.4591777756836828,-0.46383855878844443
-0.36516072798792204,0.6745623352181985,0.10079220904461875,0.6839357626716269
-0.49838825490032973,-0.7104811290584393,-1.6457035194913208,-0.00472883020441589
-0.13766073069309645,-1.2875825725070384,-1.0635382766460078,1.3726003555476698
-0.08007320291392903,-0.1910898299547001,-0.09326287190381899,-1.1525031516644872
-0.9315046585596412,1.0208232012873582,-0.48137303380069446,-1.611612880248516
1.919824548754411,0.8476927682527783,1.2651226947352452,1.3726003555476698
-0.4339395185759928,-0.017959396920120375,0.2948472899930565,-0.23428369449643016
-1.1325599952434235,0.6745623352181985,-1.0635382766460078,-0.922948287372473
0.04177447360982525,1.2516637786667977,1.0710676137868074,1.1430454912556556
0.7493862353339432,0.386011613493899,1.2651226947352452,-1.3820580159565015
-0.4932485944950869,0.5591420465284788,1.0710676137868074,0.22482603408759838
-1.701651403055713,-1.0567419951275987,0.10079220904461875,-1.3820580159565015
-0.23166100116778998,-0.1910898299547001,0.2948472899930565,0.6839357626716269
0.18728016250877083,1.1939536343219377,1.4591777756836828,-0.922948287372473
-0.6236045816534032,0.21288118045931928,0.682957451889932,-0.922948287372473
-0.4533869412238636,-1.3452927168518984,-0.6754281147491322,-1.611612880248516
0.5844854304504673,1.713344933425677,0.10079220904461875,-0.23428369449643016
0.6804361809239154,0.03975074742473954,-0.2873179528522567,1.1430454912556556
-0.08467742895330127,1.4247942117013774,0.8770125328383697,-0.00472883020441589
-1.0576178923090762,-1.576133294231338,0.10079220904461875,-0.00472883020441589
1.0693489641392315,0.32830146914903907,1.4591777756836828,-0.23428369449643016
0.5725186626791482,-0.24879997429956002,1.4591777756836828,-1.1525031516644872
0.6613241290335883,1.5979246447359572,0.10079220904461875,0.22482603408759838
0.8605097560201717,0.21288118045931928,-0.09326287190381899,-0.6933934230804587
1.048011640737765,-0.9990318507827389,-0.2873179528522567,0.9134906269636413
-0.08369628316153513,-0.5950608403687195,1.6532328566321206,-1.1525031516644872
-0.3728027758850721,-1.0567419951275987,0.10079220904461875,0.45438089837961265
1.860390802430636,1.0208232012873582,1.2651226947352452,0.6839357626716269
0.20357224301027277,-1.2875825725070384,-0.09326287190381899,-0.6933934230804587
-0.057043778703704195,1.5402145003910972,0.682957451889932,1.3726003555476698
-1.6608582634694609,0.6745623352181985,0.682957451889932,0.45438089837961265
-1.3765661510189553,-1.2875825725070384,1.0710676137868074,1.602155219839684
1.1743269587557146,-0.883611562093019,1.6532328566321206,0.6839357626716269
-1.5656701981770673,1.2516637786667977,0.4889023709414942,-0.922948287372473
0.129603191928741,-0.1333796856098402,-0.48137303380069446,0.6839357626716269
1.6858117666545722,-1.2875825725070384,-0.48137303380069446,0.9134906269636413
-0.0362235411460756,-0.5950608403687195,1.4591777756836828,1.3726003555476698
1.0983511098421912,0.2705913248041792,1.6532328566321206,-0.46383855878844443
-1.2610453229863314,0.9631130569424982,-0.8694831956975699,0.9134906269636413
0.15399585526174756,-1.633843438576198,-0.8694831956975699,0.45438089837961265
0.34639055986724787,0.6745623352181985,-0.48137303380069446,0.22482603408759838
0.042938838856434625,1.3670840673565174,1.2651226947352452,1.1430454912556556
-1.9838138992145247,-0.7104811290584393,1.0710676137868074,-1.611612880248516
-0.6345590307703897,1.5979246447359572,1.2651226947352452,0.22482603408759838
-0.5147915577837758,-0.017959396920120375,-1.0635382766460078,0.9134906269636413
1.3131554484084929,1.4247942117013774,1.2651226947352452,-1.3820580159565015
0.39805199254104573,-0.30651011864441996,-0.48137303380069446,1.3726003555476698
-0.8047670890913468,1.3093739230116577,-0.09326287190381899,-1.1525031516644872
-0.7224255785813791,0.5591420465284788,0.8770125328383697,-0.6933934230804587
1.3809522160919088,0.2705913248041792,0.2948472899930565,1.3726003555476698
-0.21003199587661617,-0.30651011864441996,-1.0635382766460078,0.22482603408759838
1.9510074586292199,1.136243489977078,-1.0635382766460078,1.602155219839684
-0.09693267916571832,-0.36422026298927984,-0.48137303380069446,-0.922948287372473
-1.9885017795820672,1.5979246447359572,-1.6457035194913208,0.45438089837961265
-0.9149082550130624,1.3670840673565174,0.682957451889932,1.602155219839684
0.33371278980471053,-0.017959396920120375,0.10079220904461875,-1.611612880248516
-1.259392652996527,-0.36422026298927984,-0.6754281147491322,-1.3820580159565015
0.6219549769252171,0.9054029125976383,-0.8694831956975699,-0.23428369449643016
-0.6479940605308897,0.5591420465284788,-0.8694831956975699,-0.46383855878844443
0.5660319704617263,-0.4219304073341398,-1.4516484385428832,-0.46383855878844443
0.5439182878332246,-0.8259014177481592,1.2651226947352452,-1.1525031516644872
-0.21063007300733508,-1.576133294231338,-1.0635382766460078,0.22482603408759838
0.07034295908917455,-0.47964055167899966,-0.6754281147491322,-0.23428369449643016
-0.6905539802308166,-0.883611562093019,0.4889023709414942,1.3726003555476698
0.4584070683738148,0.03975074742473954,-0.48137303380069446,1.602155219839684
-1.9209252114242625,-1.6915535829210577,-1.6457035194913208,1.3726003555476698
0.1600503365279171,0.5591420465284788,-1.4516484385428832,1.3726003555476698
-0.21425295722671184,-0.36422026298927984,-1.2575933575944453,-0.922948287372473
-0.02357073424132788,-0.9990318507827389,-1.0635382766460078,0.9134906269636413
-2.205817321639033,0.7899826239079184,1.4591777756836828,1.1430454912556556
-1.4807792800509267,1.4825043560462374,0.682957451889932,1.1430454912556556
0.2315601148579427,0.9054029125976383,0.2948472899930565,-0.922948287372473
-0.068186121476392,0.6745623352181985,1.4591777756836828,0.9134906269636413
0.060237163263154404,-0.7104811290584393,-1.2575933575944453,0.45438089837961265
0.9184235625030577,1.713344933425677,-0.48137303380069446,1.602155219839684
-0.8494573448180481,1.3093739230116577,-0.2873179528522567,-1.3820580159565015
-0.42074542213092647,-0.30651011864441996,1.6532328566321206,-1.3820580159565015
0.049390763272421936,0.9631130569424982,0.2948472899930565,-0.922948287372473
0.9323235294505505,0.7899826239079184,-0.8694831956975699,0.45438089837961265
0.5555078093921307,-0.6527709847135794,0.682957451889932,-1.3820580159565015
0.5448400734211745,-0.017959396920120375,-0.8694831956975699,-0.23428369449643016
0.5012674224036113,-0.5950608403687195,0.682957451889932,1.3726003555476698
-2.0321520173635776,1.2516637786667977,1.0710676137868074,-1.611612880248516
-1.1762879230510954,-0.36422026298927984,-0.48137303380069446,1.1430454912556556
0.10711279049359766,-1.1144521394724587,-0.2873179528522567,0.9134906269636413
-0.15169103086193278,1.5402145003910972,0.2948472899930565,0.6839357626716269
-0.9506938462005069,0.5014319021836189,1.0710676137868074,-0.00472883020441589
0.6362509513586279,-1.2298724281621785,0.682957451889932,-1.611612880248516
0.34373929343369375,0.7322724795630585,-0.09326287190381899,-1.3820580159565015
0.0713051258034305,1.0208232012873582,-0.48137303380069446,-0.46383855878844443
-0.7397058817722093,-0.07566954126498028,-1.4516484385428832,-0.46383855878844443
0.7004104048195468,-1.4607130055416182,-0.48137303380069446,1.1430454912556556
1.130550218637565,1.4247942117013774,-0.2873179528522567,-0.922948287372473
0.3086531579814899,0.6168521908733386,-0.6754281147491322,-0.922948287372473
1.776502355417814,0.03975074742473954,-0.8694831956975699,1.1430454912556556
-1.0316737423377211,1.078533345632218,-1.0635382766460078,-1.611612880248516
-0.042898268607518136,-1.1144521394724587,0.682957451889932,0.22482603408759838
-0.7739183747051506,-1.4607130055416182,-1.6457035194913208,-0.00472883020441589
-0.3365852967970099,-0.9413217064378789,0.682957451889932,1.3726003555476698
-0.3591319001162355,1.0208232012873582,-0.8694831956975699,0.22482603408759838
0.16835618441410477,-0.30651011864441996,0.2948472899930565,0.9134906269636413
0.10192516245683582,0.5591420465284788,0.682957451889932,0.6839357626716269
-0.6045482532091561,0.15517103611445937,1.0710676137868074,-1.611612880248516
0.6544591089579355,-1.5184231498864782,1.0710676137868074,0.9134906269636413
0.9923967116211617,0.21288118045931928,0.4889023709414942,-0.46383855878844443
0.5170397299151079,1.1939536343219377,-0.8694831956975699,-1.1525031516644872
-0.8271197814443497,0.7322724795630585,-0.6754281147491322,-1.611612880248516
-0.8000436635033799,-1.633843438576198,1.0710676137868074,-0.922948287372473
0.1691035197915449,0.15517103611445937,0.2948472899930565,-0.00472883020441589
0.5648784698602857,-0.36422026298927984,-1.0635382766460078,-1.611612880248516
0.8613205205279634,-1.3452927168518984,0.682957451889932,0.6839357626716269
1.5921761250816537,0.386011613493899,-0.2873179528522567,1.602155219839684
0.5439212584356368,-0.4219304073341398,0.10079220904461875,-0.00472883020441589
-1.3080766715258432,-0.6527709847135794,-0.2873179528522567,0.22482603408759838
-0.6733033235462095,-1.1144521394724587,0.10079220904461875,0.9134906269636413
1.1277628957182797,1.3093739230116577,-0.6754281147491322,-0.46383855878844443
-1.2470233478897412,-0.7104811290584393,0.10079220904461875,-0.00472883020441589
0.9064102220232847,-1.633843438576198,0.8770125328383697,-0.00472883020441589
0.7670420385878814,0.7899826239079184,-1.0635382766460078,-0.46383855878844443
0.786704793078516,-0.1910898299547001,0.10079220904461875,0.6839357626716269
0.3570089875066904,-0.7104811290584393,-0.2873179528522567,-1.611612880248516
0.3629430326715316,-0.30651011864441996,0.10079220904461875,-1.1525031516644872
-0.17190522134789601,-0.9413217064378789,-0.8694831956975699,-0.6933934230804587
0.12419829223254364,0.09746089176959945,-0.48137303380069446,-1.611612880248516
0.895887397970232,-0.24879997429956002,-0.6754281147491322,1.3726003555476698
0.3864392542085281,-1.633843438576198,-0.48137303380069446,-1.1525031516644872
-0.026490700469739437,0.21288118045931928,0.682957451889932,-0.46383855878844443
-1.2066640589869375,-0.4219304073341398,-0.2873179528522567,-0.922948287372473
1.3571864774836706,0.21288118045931928,-1.0635382766460078,1.3726003555476698
-1.1595878453190587,-0.9990318507827389,1.4591777756836828,0.9134906269636413
-0.5930543540823366,-1.3452927168518984,1.4591777756836828,1.1430454912556556
0.3084262064165913,-1.6915535829210577,0.682957451889932,0.45438089837961265
0.7605900225827626,0.21288118045931928,0.682957451889932,-0.46383855878844443
0.41729131714457723,0.9054029125976383,-0.09326287190381899,-0.00472883020441589
1.3618777097267356,-0.8259014177481592,0.682957451889932,1.3726003555476698
-0.4308461915290332,-0.6527709847135794,0.8770125328383697,1.602155219839684
-0.20316683328356494,1.713344933425677,-0.2873179528522567,1.3726003555476698
2.038249442664692,0.6745623352181985,1.0710676137868074,-0.23428369449643016
0.3715160150618641,0.15517103611445937,-0.6754281147491322,-1.611612880248516
0.985697726218833,0.2705913248041792,-0.48137303380069446,-0.23428369449643016
-2.1395573290486243,1.5979246447359572,0.4889023709414942,-0.23428369449643016
1.599295017653383,-1.5184231498864782,0.8770125328383697,-0.46383855878844443
-0.772149412050167,0.9054029125976383,-0.2873179528522567,0.22482603408759838
1.0781260880968586,1.078533345632218,-0.8694831956975699,0.6839357626716269
2.0096020661967517,-0.7104811290584393,0.10079220904461875,-1.611612880248516
1.0314824718819677,0.7322724795630585,-0.2873179528522567,-0.46383855878844443
-0.8394623964380122,-1.6915535829210577,0.682957451889932,0.45438089837961265
0.6751706818438975,1.1939536343219377,-1.4516484385428832,-1.1525031516644872
-0.7993065707565788,-0.24879997429956002,0.2948472899930565,0.45438089837961265
0.2429157235264646,-0.017959396920120375,0.4889023709414942,-1.1525031516644872
0.023958944955542124,-1.2875825725070384,0.10079220904461875,-1.1525031516644872
0.21159812302687026,0.6745623352181985,-0.6754281147491322,1.1430454912556556
-0.1951379806811739,0.8476927682527783,0.682957451889932,-0.6933934230804587
0.39678228010783234,0.9631130569424982,0.682957451889932,1.3726003555476698
-0.4884179073649303,-0.4219304073341398,-0.8694831956975699,-0.922948287372473
-0.12251584642227897,0.9631130569424982,-1.2575933575944453,0.6839357626716269
0.7653839625255213,-0.883611562093019,-1.2575933575944453,0.9134906269636413
-0.8660276054221169,-1.6915535829210577,-1.0635382766460078,1.602155219839684
1.0600533946959063,-0.1333796856098402,-0.09326287190381899,-0.00472883020441589
-1.1185403226977797,1.4247942117013774,0.8770125328383697,0.22482603408759838
1.0533036867227086,-0.07566954126498028,-0.09326287190381899,1.602155219839684
0.5709470127424047,1.0208232012873582,-1.0635382766460078,-0.6933934230804587
-1.7800271570395894,0.386011613493899,1.4591777756836828,0.9134906269636413
-1.0119639770331004,-1.2298724281621785,-1.0635382766460078,1.3726003555476698
1.4412737290952697,-0.1910898299547001,0.10079220904461875,1.602155219839684
-1.0423829767751513,-0.47964055167899966,0.10079220904461875,1.602155219839684
-0.7478225554420284,-0.30651011864441996,0.8770125328383697,1.602155219839684
0.27066849876178334,1.6556347890808172,0.10079220904461875,1.3726003555476698
0.25004543605573887,0.03975074742473954,0.10079220904461875,0.6839357626716269
-2.6691593038071444,1.713344933425677,0.8770125328383697,-0.00472883020441589
-0.792896159356699,0.15517103611445937,-1.4516484385428832,-1.3820580159565015
-0.916131948397999,-1.633843438576198,0.682957451889932,-1.1525031516644872
-1.2322885014576912,-1.576133294231338,0.682957451889932,0.6839357626716269
-2.1196877704355725,0.7899826239079184,-1.4516484385428832,0.9134906269636413
1.4089683809789313,-0.36422026298927984,1.0710676137868074,0.6839357626716269
0.05678800320472356,1.4247942117013774,-0.6754281147491322,-0.00472883020441589
-1.8658017399744848,1.5979246447359572,-0.2873179528522567,0.9134906269636413
0.9586630888346381,-0.36422026298927984,1.2651226947352452,-1.1525031516644872
0.35465359688870696,0.7899826239079184,-1.0635382766460078,-0.00472883020441589
-0.7645609936105625,-1.6915535829210577,1.4591777756836828,1.602155219839684
0.23599682472826625,1.4825043560462374,-1.6457035194913208,0.45438089837961265
-1.5843033858891489,-1.4030028611967582,1.4591777756836828,-1.3820580159565015
-1.258956575253021,-0.883611562093019,-0.48137303380069446,1.602155219839684
-2.0066290091089276,0.6745623352181985,0.10079220904461875,-1.3820580159565015
-0.746151035699358,-1.576133294231338,1.6532328566321206,-0.00472883020441589
0.08563594035880692,-1.2298724281621785,-0.2873179528522567,-1.611612880248516
0.8513360517826323,-0.5950608403687195,-0.6754281147491322,1.1430454912556556
-0.001251592830113616,-1.5184231498864782,-0.09326287190381899,-1.3820580159565015
-0.9374223121934517,-1.2298724281621785,-0.2873179528522567,-1.1525031516644872
-1.2589245010241714,0.2705913248041792,0.682957451889932,-1.3820580159565015
-0.9782769399614663,1.4247942117013774,-0.2873179528522567,0.9134906269636413
1.5056902093969793,-1.1144521394724587,1.6532328566321206,-0.922948287372473
1.7600045661410557,1.136243489977078,-0.6754281147491322,1.602155219839684
1.1619184928975992,-0.47964055167899966,0.10079220904461875,-1.1525031516644872
-0.2942177604000747,0.09746089176959945,0.2948472899930565,0.22482603408759838
0.002060148168578137,0.7322724795630585,1.2651226947352452,-0.23428369449643016
0.813719106690943,0.44372175783875895,0.682957451889932,0.6839357626716269
0.8302996256668479,-0.1910898299547001,0.10079220904461875,1.602155219839684
0.7474541802918446,0.5014319021836189,0.2948472899930565,1.1430454912556556
-1.4442415876506067,-0.24879997429956002,1.0710676137868074,-0.6933934230804587
0.03150000037539928,0.7899826239079184,-1.6457035194913208,0.22482603408759838
-0.4896992911905581,-0.8259014177481592,-1.0635382766460078,0.9134906269636413
-0.7605898600511923,-1.1144521394724587,-1.0635382766460078,-0.6933934230804587
-0.7118548114455329,-0.7681912734032992,-0.09326287190381899,-1.1525031516644872
0.4592599339754248,0.5014319021836189,1.0710676137868074,0.45438089837961265
0.2801883601963526,-0.24879997429956002,0.8770125328383697,-1.3820580159565015
1.3311269992430075,-0.8259014177481592,0.4889023709414942,0.45438089837961265
0.4612875221241497,0.9631130569424982,0.682957451889932,0.9134906269636413
-1.412884139075134,0.7322724795630585,0.4889023709414942,-0.23428369449643016
0.2586178657954518,1.713344933425677,-0.2873179528522567,-1.611612880248516
-0.2148669906495873,1.713344933425677,1.6532328566321206,-0.00472883020441589
-1.256688881423815,-1.5184231498864782,-0.09326287190381899,-0.46383855878844443
0.1904604877115376,-0.5373506960238595,0.4889023709414942,0.6839357626716269
1.45813743267904,0.32830146914903907,-0.2873179528522567,-0.46383855878844443
-0.7083298002100472,0.8476927682527783,-0.48137303380069446,1.1430454912556556
-0.7848410397430274,-1.576133294231338,-0.09326287190381899,1.602155219839684
0.1885485839863482,0.21288118045931928,-0.8694831956975699,-1.3820580159565015
-0.8850956372052151,-1.576133294231338,1.4591777756836828,-1.1525031516644872
-0.7885177952458188,0.5591420465284788,-0.09326287190381899,-0.00472883020441589
1.0471099046066026,1.5979246447359572,1.6532328566321206,0.9134906269636413
1.0723103757142776,-0.9413217064378789,0.2948472899930565,1.3726003555476698
1.0456201751724308,0.7899826239079184,-0.6754281147491322,0.6839357626716269
0.21233095368668672,-0.9413217064378789,-0.48137303380069446,-1.3820580159565015
-1.231862149598978,0.7322724795630585,-1.2575933575944453,-1.611612880248516
-0.38873251779590673,-0.4219304073341398,0.8770125328383697,1.3726003555476698
-1.8524232941873167,-0.24879997429956002,-0.6754281147491322,-1.3820580159565015
-0.9257736750111345,-0.07566954126498028,1.2651226947352452,0.6839357626716269
0.18510904784103926,1.2516637786667977,1.2651226947352452,-0.6933934230804587
0.6952584233338747,-1.2875825725070384,0.8770125328383697,0.9134906269636413
0.9360701064085846,-0.24879997429956002,-0.48137303380069446,0.6839357626716269
1.5705734971059135,-1.6915535829210577,-0.8694831956975699,0.9134906269636413
0.0640027262154264,1.3670840673565174,-1.6457035194913208,1.3726003555476698
1.330099211547507,-1.633843438576198,0.4889023709414942,-0.922948287372473
-0.38376017131765094,1.2516637786667977,-1.6457035194913208,-1.611612880248516
0.22537356759050822,-0.47964055167899966,0.4889023709414942,-0.23428369449643016
0.7405511879365276,1.1939536343219377,-1.0635382766460078,-0.46383855878844443
0.0032126217112593692,-0.47964055167899966,-0.09326287190381899,-0.23428369449643016
1.0889068367697077,0.2705913248041792,-0.09326287190381899,-0.00472883020441589
0.018013219165557714,1.1939536343219377,1.0710676137868074,-0.46383855878844443
0.559038289652846,-1.2875825725070384,0.2948472899930565,1.602155219839684
0.35748025901273356,1.713344933425677,0.682957451889932,-0.6933934230804587
-0.7015598667158194,-1.633843438576198,1.2651226947352452,-0.922948287372473
0.4984649659979972,0.7322724795630585,-1.2575933575944453,-1.1525031516644872
-0.4923644051032396,-0.9990318507827389,-1.0635382766460078,-1.611612880248516
-0.31931151137570124,-0.883611562093019,0.2948472899930565,1.1430454912556556
0.8427047919016643,-0.07566954126498028,1.2651226947352452,-0.00472883020441589
0.03332010024063249,-1.633843438576198,1.4591777756836828,-1.3820580159565015
-1.506892180880226,-0.7104811290584393,1.2651226947352452,-0.922948287372473
-0.23151228435955762,-1.2875825725070384,0.10079220904461875,-1.611612880248516
0.3615484538731064,0.2705913248041792,-1.6457035194913208,-0.00472883020441589
0.750841539729196,0.7322724795630585,-0.2873179528522567,1.3726003555476698
0.8062160770429107,-0.47964055167899966,-0.09326287190381899,-1.611612880248516
-0.8568319160015851,-0.9413217064378789,-1.6457035194913208,-0.00472883020441589
0.9095191708761518,1.136243489977078,0.8770125328383697,0.6839357626716269
-1.9859631652987748,-0.47964055167899966,0.2948472899930565,-1.611612880248516
0.2726526918999978,1.078533345632218,0.4889023709414942,-0.23428369449643016
-1.8959375528748366,-0.4219304073341398,0.4889023709414942,1.3726003555476698
-0.3380005254202842,-1.633843438576198,0.8770125328383697,1.602155219839684
-0.8900868172350763,-1.633843438576198,-0.6754281147491322,0.6839357626716269
-0.4376090317949203,0.7322724795630585,-0.6754281147491322,1.1430454912556556
-1.447438781662118,0.32830146914903907,1.2651226947352452,-0.23428369449643016
0.3491179896452579,0.03975074742473954,1.0710676137868074,-0.23428369449643016
-0.5354118560840663,1.5402145003910972,1.2651226947352452,-1.3820580159565015
0.989487420251922,0.386011613493899,1.0710676137868074,0.45438089837961265
-1.1087498026590403,-1.4030028611967582,-0.8694831956975699,-1.3820580159565015
0.20064612194088566,0.15517103611445937,-0.09326287190381899,1.1430454912556556
-0.45271705371205684,0.7899826239079184,0.10079220904461875,-1.611612880248516
0.7180587476732856,-0.1910898299547001,1.0710676137868074,-1.611612880248516
0.8776742008275917,-0.6527709847135794,-0.2873179528522567,-0.46383855878844443
0.09030664647757437,-0.7104811290584393,-1.2575933575944453,-0.6933934230804587
-2.4861538570857613,-1.4607130055416182,-0.2873179528522567,-1.611612880248516
0.33522398976879686,1.4247942117013774,-0.09326287190381899,1.3726003555476698
-2.096832609947475,1.136243489977078,0.4889023709414942,-1.611612880248516
1.2231949587557327,-0.5373506960238595,-1.0635382766460078,0.6839357626716269
-0.02194948250677144,-0.30651011864441996,0.4889023709414942,0.6839357626716269
-0.6219985895343875,1.1939536343219377,-0.09326287190381899,-0.46383855878844443
-0.4832099928932318,-0.4219304073341398,0.4889023709414942,1.1430454912556556
-0.4586002826385511,0.7899826239079184,1.2651226947352452,-0.46383855878844443
1.0153148977171862,0.32830146914903907,1.0710676137868074,1.3726003555476698
-0.9985020504247143,0.9054029125976383,1.6532328566321206,0.6839357626716269
-1.0699566649267473,1.5402145003910972,-0.48137303380069446,-0.23428369449643016
-0.5005102443904076,-1.4607130055416182,-1.2575933575944453,-0.922948287372473
-1.2816962263654952,-1.3452927168518984,-1.6457035194913208,-1.1525031516644872
0.7954616344089641,1.3093739230116577,1.2651226947352452,0.6839357626716269
2.251952162876351,1.5979246447359572,-0.48137303380069446,1.1430454912556556
-1.5384102019254333,1.6556347890808172,1.0710676137868074,-1.611612880248516
-0.6954949496024275,1.1939536343219377,0.10079220904461875,0.45438089837961265
-1.5715650418602394,-1.2298724281621785,1.2651226947352452,0.9134906269636413
-1.0982575715363876,0.6168521908733386,1.2651226947352452,0.9134906269636413
0.42233851383266646,-0.07566954126498028,-0.8694831956975699,0.9134906269636413
-1.0797739742380674,-0.017959396920120375,-0.2873179528522567,0.6839357626716269
-1.204582459273939,-1.2875825725070384,-1.4516484385428832,-1.611612880248516
0.17868560151082996,-1.6915535829210577,0.8770125328383697,1.602155219839684
-0.08023686431064349,0.9631130569424982,-1.6457035194913208,1.1430454912556556
0.7645313595038438,-1.1144521394724587,0.682957451889932,-0.46383855878844443
-0.2922550662987721,1.1939536343219377,1.4591777756836828,-0.6933934230804587
0.03585369844499079,-1.2875825725070384,0.4889023709414942,0.45438089837961265
1.4112522117203896,0.5014319021836189,-0.8694831956975699,-0.00472883020441589
0.12720443457193914,1.4247942117013774,1.4591777756836828,-1.611612880248516
-0.32473045702713543,-1.4030028611967582,-0.48137303380069446,-0.922948287372473
-0.05847341312843813,0.21288118045931928,1.4591777756836828,1.602155219839684
0.919001445386821,1.136243489977078,0.4889023709414942,-1.3820580159565015
0.6518142805936064,-0.9413217064378789,-0.8694831956975699,-0.46383855878844443
-0.6279709249244367,-1.2298724281621785,-1.4516484385428832,0.22482603408759838
-1.465131420820119,1.0208232012873582,-1.4516484385428832,-0.46383855878844443
0.2011517948528839,-0.7104811290584393,-1.4516484385428832,1.3726003555476698
1.5276584656857495,0.2705913248041792,-0.2873179528522567,-0.922948287372473
0.1996798913861291,-0.1333796856098402,-1.0635382766460078,0.45438089837961265
0.33858200676744415,-1.4030028611967582,0.2948472899930565,-0.922948287372473
-0.8591319225226389,1.5402145003910972,0.10079220904461875,0.22482603408759838
-1.1069283455027819,1.6556347890808172,-1.0635382766460078,0.45438089837961265
1.2250183057549826,0.09746089176959945,-0.8694831956975699,-1.1525031516644872
-0.05254425312044186,-1.4607130055416182,0.10079220904461875,0.45438089837961265
-1.9140401561718305,0.15517103611445937,0.10079220904461875,1.3726003555476698
-0.4836591566820148,-1.4607130055416182,-1.0635382766460078,-0.6933934230804587
-0.7467057522979441,1.713344933425677,-1.2575933575944453,0.45438089837961265
-0.3330927695946157,1.4247942117013774,-1.6457035194913208,0.6839357626716269
0.7348605008186133,1.0208232012873582,0.2948472899930565,-0.00472883020441589
-1.0822248271684154,1.0208232012873582,0.8770125328383697,-1.1525031516644872
-1.2115592298517965,0.2705913248041792,-1.6457035194913208,-1.1525031516644872
-0.4415865656019083,0.5591420465284788,-0.6754281147491322,0.22482603408759838
-0.47738812254380525,-0.30651011864441996,1.4591777756836828,-1.3820580159565015
-0.4298539836382505,1.2516637786667977,-0.8694831956975699,-0.6933934230804587
0.3015406688870194,-1.3452927168518984,0.10079220904461875,0.22482603408759838
0.9946145765848962,0.386011613493899,-0.8694831956975699,1.602155219839684
0.7538676871569867,-1.0567419951275987,0.2948472899930565,0.22482603408759838
-0.17500733684914296,-1.2875825725070384,-0.48137303380069446,0.22482603408759838
-0.7839758032963988,-0.5373506960238595,-1.2575933575944453,-1.3820580159565015
-1.0588518061550505,0.03975074742473954,-1.4516484385428832,-1.611612880248516
1.0759180776259043,-0.24879997429956002,1.6532328566321206,-1.3820580159565015
-0.4377953294393259,0.21288118045931928,-1.2575933575944453,1.602155219839684
-1.0307841121399772,-0.7681912734032992,-0.09326287190381899,1.1430454912556556
-0.5482002238356184,-0.017959396920120375,-1.4516484385428832,-1.611612880248516
0.6898272544888429,-1.4030028611967582,-0.2873179528522567,0.6839357626716269
-0.948508981847671,0.21288118045931928,-0.8694831956975699,0.45438089837961265
0.8678820681269561,0.6745623352181985,-0.6754281147491322,-1.611612880248516
0.6079487370984444,1.3670840673565174,-1.0635382766460078,-0.922948287372473
0.6022258179269167,-1.6915535829210577,1.6532328566321206,1.602155219839684
-0.9781285203528078,-0.7104811290584393,1.0710676137868074,-0.922948287372473
0.19091087510715876,-0.8259014177481592,0.8770125328383697,1.602155219839684
-1.7600444841001384,-1.1144521394724587,0.8770125328383697,-0.6933934230804587
-0.18855796317587836,-0.7681912734032992,-0.48137303380069446,0.9134906269636413
0.1443019182980799,0.6168521908733386,-0.48137303380069446,-0.922948287372473
-0.365692566200828,1.4247942117013774,-0.6754281147491322,0.9134906269636413
1.0291628478226895,-1.0567419951275987,-1.4516484385428832,1.1430454912556556
0.3220817314346248,-1.1144521394724587,0.4889023709414942,-0.00472883020441589
-1.5004342682189513,-1.2298724281621785,-1.6457035194913208,-1.3820580159565015
-0.5118763183907948,-0.7681912734032992,0.10079220904461875,-1.3820580159565015
-0.06895418312169033,0.7899826239079184,-1.0635382766460078,1.3726003555476698
0.2307707492536118,-0.883611562093019,0.4889023709414942,-1.3820580159565015
-0.3157225956537175,-0.7104811290584393,-0.6754281147491322,1.3726003555476698
0.38898786106685135,-1.1144521394724587,-0.8694831956975699,0.6839357626716269
1.596195211396081,-0.24879997429956002,0.10079220904461875,0.22482603408759838
0.14718915050515124,0.7899826239079184,-0.2873179528522567,-1.611612880248516
2.2542285335157284,0.21288118045931928,0.8770125328383697,-1.3820580159565015
0.7201791818375048,-1.6915535829210577,1.0710676137868074,-0.6933934230804587
0.04413269979572221,-0.07566954126498028,-1.0635382766460078,-1.3820580159565015
-1.4066881871508892,0.7322724795630585,0.10079220904461875,0.6839357626716269
-0.22519740375092842,1.3093739230116577,-0.8694831956975699,-1.1525031516644872
0.7354804664197417,-1.3452927168518984,0.682957451889932,-0.922948287372473
-0.8906570179213479,-0.1910898299547001,-0.6754281147491322,0.22482603408759838
1.1463180627402765,0.8476927682527783,0.682957451889932,1.602155219839684
-0.23738816414048394,1.5979246447359572,1.2651226947352452,-0.23428369449643016
-0.8181872631720455,-1.576133294231338,-1.0635382766460078,1.3726003555476698
0.7223237162095677,-1.2875825725070384,0.8770125328383697,-1.611612880248516
0.46065034980326747,0.03975074742473954,0.2948472899930565,1.602155219839684
-0.9077992116616899,-0.5373506960238595,0.10079220904461875,-0.00472883020441589
-0.6717806155237092,-1.2875825725070384,0.2948472899930565,-1.1525031516644872
0.4074316446052938,1.4825043560462374,-1.6457035194913208,0.45438089837961265
1.1686336205003816,1.5402145003910972,0.2948472899930565,-0.00472883020441589
0.39353071507147513,-1.633843438576198,-0.48137303380069446,-1.611612880248516
-1.4564908107573884,1.3093739230116577,-1.2575933575944453,0.22482603408759838
0.7685670670136014,1.0208232012873582,-0.2873179528522567,0.9134906269636413
-0.830026085882222,-1.0567419951275987,0.4889023709414942,-1.3820580159565015
0.21793008961166144,-0.5950608403687195,0.2948472899930565,0.22482603408759838
-0.006629985274953942,0.7322724795630585,-0.48137303380069446,1.1430454912556556
-0.3745685355232719,1.4825043560462374,-0.48137303380069446,-1.1525031516644872
-2.993425643866928,0.6168521908733386,-1.0635382766460078,0.9134906269636413
1.0905349829350957,1.1939536343219377,-0.2873179528522567,0.22482603408759838
2.8643283795627594,1.4825043560462374,-0.6754281147491322,-0.6933934230804587
1.0638904937384492,-1.3452927168518984,-1.4516484385428832,1.3726003555476698
0.3773378624303182,0.21288118045931928,1.0710676137868074,0.22482603408759838
-0.996477316621311,0.21288118045931928,-0.8694831956975699,-0.922948287372473
-0.02018960929525051,1.3670840673565174,-0.09326287190381899,-0.46383855878844443
0.8870375404493241,-0.4219304073341398,0.10079220904461875,0.45438089837961265
-0.4593880778164988,-1.633843438576198,1.2651226947352452,1.602155219839684
-1.1940493683219984,1.4247942117013774,-1.2575933575944453,-0.46383855878844443
0.623677136046808,0.8476927682527783,1.4591777756836828,1.602155219839684
-0.22711611967635997,1.5402145003910972,1.4591777756836828,-0.922948287372473
0.5723567145554572,-0.47964055167899966,1.4591777756836828,0.22482603408759838
-1.3122204564906625,-0.9990318507827389,-1.2575933575944453,-0.46383855878844443
-0.7836673941843729,-1.6915535829210577,-1.0635382766460078,-0.6933934230804587
-0.6372769760251642,0.09746089176959945,-0.6754281147491322,1.1430454912556556
0.7540734004406697,0.09746089176959945,-1.6457035194913208,-0.46383855878844443
0.06982314150683146,-0.1333796856098402,1.2651226947352452,0.45438089837961265
0.9828435983023546,-0.1333796856098402,1.0710676137868074,1.602155219839684
0.06776466043669963,-1.0567419951275987,-0.8694831956975699,1.602155219839684
0.8670856007149674,-0.6527709847135794,0.682957451889932,1.3726003555476698
-1.2674178185363076,-1.1144521394724587,-0.8694831956975699,-1.1525031516644872
-2.2603109998788247,1.136243489977078,1.2651226947352452,-0.6933934230804587
0.20650811444962278,1.4247942117013774,-0.48137303380069446,0.6839357626716269
0.7587971447490345,-0.7681912734032992,-0.48137303380069446,0.22482603408759838
-0.10283882760442467,-0.30651011864441996,1.4591777756836828,-0.6933934230804587
-0.7649897912015563,1.4247942117013774,0.2948472899930565,0.9134906269636413
-0.5458393695836061,-1.2298724281621785,0.4889023709414942,1.3726003555476698
-1.3370582678311642,-1.6915535829210577,-0.8694831956975699,0.9134906269636413
-0.38857913395618177,1.0208232012873582,0.8770125328383697,1.1430454912556556
-0.7088470964940545,-0.9990318507827389,1.2651226947352452,-1.1525031516644872
-1.366988965189614,-0.4219304073341398,0.8770125328383697,-0.23428369449643016
1.350298147796023,-0.1333796856098402,0.8770125328383697,-1.1525031516644872
-0.14524152281611222,0.21288118045931928,-0.8694831956975699,-0.922948287372473
-0.7994846855347236,-0.6527709847135794,-1.6457035194913208,1.602155219839684
-1.6441445083959625,1.1939536343219377,-1.2575933575944453,-0.00472883020441589
0.7091674182174733,-0.5373506960238595,0.682957451889932,-1.1525031516644872
0.0035795827871176788,-0.1910898299547001,-1.4516484385428832,-0.23428369449643016
1.3156588340484896,1.5979246447359572,0.4889023709414942,0.9134906269636413
0.3909300712449681,-0.883611562093019,0.8770125328383697,0.22482603408759838
-0.8549483351437865,-1.4030028611967582,-0.09326287190381899,0.22482603408759838
-0.08443685752015784,-1.4030028611967582,1.0710676137868074,-0.23428369449643016
-0.2354044327482689,-1.2875825725070384,-1.2575933575944453,-1.1525031516644872
0.2854104943896856,1.0208232012873582,-1.6457035194913208,0.9134906269636413
1.581782477848782,1.078533345632218,1.0710676137868074,1.3726003555476698
-0.3002070460261454,-0.07566954126498028,-0.2873179528522567,-0.6933934230804587
-0.5282759815754163,-0.6527709847135794,0.4889023709414942,1.602155219839684
-0.39581667634641693,0.5014319021836189,1.2651226947352452,-0.23428369449643016
1.2631788564789475,-1.0567419951275987,0.2948472899930565,1.602155219839684
-1.3829256645862413,1.4247942117013774,1.4591777756836828,-0.46383855878844443
1.1915977886077291,0.8476927682527783,-0.8694831956975699,0.22482603408759838
0.733127434283331,0.7322724795630585,-0.8694831956975699,0.45438089837961265
0.1770206617581715,0.6168521908733386,-1.0635382766460078,0.22482603408759838
1.0410795452778823,-1.1144521394724587,0.8770125328383697,-0.922948287372473
-0.4537937851059492,-1.576133294231338,-1.4516484385428832,0.9134906269636413
-0.9806187814425542,-1.1721622838173187,-1.4516484385428832,-0.922948287372473
-0.3165626839409517,-0.5950608403687195,-0.6754281147491322,-1.611612880248516
-0.5381546959035304,-0.07566954126498028,-0.09326287190381899,0.22482603408759838
1.3596418405914035,-0.4219304073341398,-0.6754281147491322,1.1430454912556556
1.0829190285522257,-0.24879997429956002,-1.0635382766460078,-0.00472883020441589
-0.9552289269054632,-0.30651011864441996,0.4889023709414942,-1.3820580159565015
-2.540707339658839,0.8476927682527783,-1.0635382766460078,1.1430454912556556
-0.14598242706728132,1.5979246447359572,1.4591777756836828,-1.1525031516644872
-0.06166178605768239,-1.633843438576198,0.2948472899930565,-0.922948287372473
-1.0779952185481942,0.6168521908733386,-0.48137303380069446,0.6839357626716269
2.960646433950946,0.03975074742473954,-0.6754281147491322,-1.3820580159565015
-0.7297231034298473,0.15517103611445937,-1.4516484385428832,0.45438089837961265
1.2132777328258013,-0.4219304073341398,0.10079220904461875,1.602155219839684
1.9668809300294117,0.8476927682527783,-1.6457035194913208,-0.23428369449643016
-0.9593704663269386,0.5014319021836189,-1.6457035194913208,-1.3820580159565015
0.3770255107614637,-0.30651011864441996,-1.4516484385428832,0.9134906269636413
0.3001498109996968,-1.4030028611967582,-0.6754281147491322,1.602155219839684
-0.03828994356784175,-0.36422026298927984,-1.4516484385428832,-0.23428369449643016
0.08190630582709522,-0.5950608403687195,-1.2575933575944453,0.9134906269636413
0.2420062215180763,1.078533345632218,-0.6754281147491322,0.9134906269636413
-1.1722928324871762,0.9054029125976383,-0.2873179528522567,1.3726003555476698
1.3338668129499582,0.9631130569424982,1.6532328566321206,0.22482603408759838
-1.0329667386382577,1.078533345632218,-0.48137303380069446,0.9134906269636413
1.041278158516569,-1.1721622838173187,-0.09326287190381899,0.9134906269636413
-0.6133033562877639,0.9054029125976383,-0.8694831956975699,-0.23428369449643016
-1.1994846589205455,-0.5950608403687195,1.6532328566321206,-1.611612880248516
-0.5346025233701703,1.5979246447359572,1.0710676137868074,-0.23428369449643016
1.6557410214053658,-0.7681912734032992,0.2948472899930565,0.22482603408759838
0.6144166116742806,1.6556347890808172,-1.6457035194913208,1.602155219839684
-1.078685824386953,0.386011613493899,0.682957451889932,-1.3820580159565015
-0.41094029445557556,-1.1144521394724587,-0.09326287190381899,1.3726003555476698
-0.18724372363679767,1.6556347890808172,0.2948472899930565,-0.23428369449643016
-1.280877412164943,1.3670840673565174,-1.6457035194913208,-1.3820580159565015
-0.744379056498197,0.5014319021836189,0.10079220904461875,-0.6933934230804587
-0.3331414229596082,-0.9413217064378789,0.8770125328383697,-0.922948287372473
0.8172938689211047,-0.1910898299547001,-0.8694831956975699,-1.3820580159565015
0.8822525628105164,-0.1910898299547001,-0.6754281147491322,0.22482603408759838
-0.7283474514484282,-1.633843438576198,1.6532328566321206,-1.1525031516644872
0.3902476734545343,-1.633843438576198,-0.48137303380069446,-0.6933934230804587
-0.053051024572240035,-0.017959396920120375,-0.6754281147491322,-0.00472883020441589
1.3266350120259738,0.9631130569424982,0.8770125328383697,-1.1525031516644872
0.7428276392359484,-0.24879997429956002,0.10079220904461875,0.45438089837961265
0.017296405831797732,1.0208232012873582,-0.48137303380069446,-1.611612880248516
-1.119408924925824,-1.5184231498864782,-0.8694831956975699,1.602155219839684
-0.730959887783514,0.2705913248041792,-1.6457035194913208,-0.23428369449643016
0.694557939997685,0.21288118045931928,-1.4516484385428832,-0.23428369449643016
-0.2934330888611769,-0.47964055167899966,-0.48137303380069446,1.3726003555476698
0.3074039872659271,-0.30651011864441996,0.4889023709414942,-1.1525031516644872
1.7108962104732839,0.03975074742473954,-0.2873179528522567,-1.611612880248516
0.5614884180270814,0.5591420465284788,-1.6457035194913208,0.45438089837961265
-0.5441849378950233,-0.7681912734032992,0.2948472899930565,-0.922948287372473
-1.7296291953394798,-0.36422026298927984,-0.09326287190381899,-1.3820580159565015
1.8027383653118563,-1.5184231498864782,0.8770125328383697,-0.46383855878844443
0.926422546635945,1.078533345632218,0.8770125328383697,1.602155219839684
1.1328292792019443,0.7322724795630585,-0.48137303380069446,1.3726003555476698
-0.37559350533054653,-0.07566954126498028,-1.0635382766460078,-1.1525031516644872
-1.0457310148330898,-1.5184231498864782,1.4591777756836828,-0.922948287372473
-0.20422451329757813,-0.9413217064378789,0.682957451889932,-0.6933934230804587
-1.1267903932954009,0.9054029125976383,-0.8694831956975699,-0.23428369449643016
-0.059487473932494955,-1.1144521394724587,-0.6754281147491322,-1.1525031516644872
0.16980939708106405,-1.5184231498864782,1.0710676137868074,-1.3820580159565015
-1.949730835868479,-0.36422026298927984,0.4889023709414942,-0.23428369449643016
1.8252293440379144,-0.7104811290584393,-0.48137303380069446,0.22482603408759838
-0.6595515653756648,0.44372175783875895,0.4889023709414942,1.3726003555476698
-0.7096084143154996,1.4825043560462374,-1.2575933575944453,-0.6933934230804587
0.3470880052296186,1.713344933425677,1.6532328566321206,0.6839357626716269
-1.1847327322848313,1.2516637786667977,-1.0635382766460078,0.6839357626716269
0.027854444973683033,-1.4607130055416182,-1.2575933575944453,-0.46383855878844443
0.25905659661158287,-1.1721622838173187,-0.09326287190381899,0.22482603408759838
1.2669069049648953,-1.1721622838173187,-0.09326287190381899,0.6839357626716269
-0.3855487214819282,1.5979246447359572,-1.6457035194913208,1.1430454912556556
-0.14704056272155716,-1.5184231498864782,-0.09326287190381899,0.9134906269636413
0.2593227649814637,-1.6915535829210577,0.10079220904461875,0.45438089837961265
0.6809277304475111,1.2516637786667977,0.2948472899930565,1.3726003555476698
-0.09977858776329891,-1.3452927168518984,-0.09326287190381899,-1.1525031516644872
1.3213986504234858,-1.576133294231338,0.8770125328383697,1.602155219839684
-0.7352000706761593,-0.9990318507827389,-0.48137303380069446,-0.00472883020441589
2.4219613522175676,-0.6527709847135794,1.4591777756836828,0.9134906269636413
0.49978977819791026,-0.07566954126498028,-1.6457035194913208,0.22482603408759838
-0.05119687109989017,1.4825043560462374,1.6532328566321206,-1.611612880248516
0.10095639229622187,0.15517103611445937,0.10079220904461875,-0.46383855878844443
1.4285008617990025,-0.9413217064378789,1.4591777756836828,-0.00472883020441589
-1.5064229361552595,0.386011613493899,-0.8694831956975699,-1.3820580159565015
1.6325749659784092,-1.4030028611967582,-0.6754281147491322,1.602155219839684
-0.5490072678049442,-0.9413217064378789,0.10079220904461875,1.602155219839684
-0.26524526845028357,0.7322724795630585,0.8770125328383697,-0.6933934230804587
0.6504321657133451,0.7322724795630585,0.682957451889932,1.3726003555476698
0.7207720891830709,1.136243489977078,1.4591777756836828,0.9134906269636413
0.6938807947966044,-0.9990318507827389,-1.6457035194913208,0.22482603408759838
1.6384929040236296,-0.1333796856098402,-0.6754281147491322,0.9134906269636413
-0.4806619432360055,-0.1333796856098402,1.2651226947352452,0.45438089837961265
-0.9871301811130363,0.09746089176959945,-0.09326287190381899,-0.6933934230804587
0.644823599233154,0.386011613493899,1.4591777756836828,-1.1525031516644872
2.7949075457836314,0.8476927682527783,0.4889023709414942,-1.1525031516644872
-2.0149938727542853,0.21288118045931928,1.6532328566321206,0.45438089837961265
-0.17987699805962146,1.136243489977078,0.4889023709414942,-1.3820580159565015
-0.3251472394092884,1.3670840673565174,0.10079220904461875,-1.3820580159565015
-0.28037836144342504,1.5402145003910972,0.4889023709414942,-1.3820580159565015
-0.5726975152218671,-1.6915535829210577,-1.2575933575944453,0.6839357626716269
0.29746242648947185,1.078533345632218,0.682957451889932,-1.1525031516644872
0.5385227036742778,1.4247942117013774,0.8770125328383697,1.602155219839684
2.9205085971193343,-1.633843438576198,-1.0635382766460078,0.45438089837961265
-0.12278344234623745,0.5014319021836189,1.2651226947352452,-0.6933934230804587
0.9180123275802793,0.2705913248041792,1.2651226947352452,-0.00472883020441589
0.9329541404954431,0.6168521908733386,0.4889023709414942,-1.611612880248516
0.004415051396915229,-1.1721622838173187,0.4889023709414942,-1.3820580159565015
1.818556638054563,-1.1721622838173187,-1.2575933575944453,1.1430454912556556
-0.40096837845530164,1.713344933425677,-0.8694831956975699,0.9134906269636413
1.3642543225948818,-0.7104811290584393,1.4591777756836828,0.6839357626716269
0.8336290437503117,-0.6527709847135794,1.4591777756836828,-0.46383855878844443
-1.7804790467029386,0.44372175783875895,0.4889023709414942,-0.922948287372473
-0.9781448911740054,0.386011613493899,-0.2873179528522567,-1.611612880248516
-1.8759959659335521,0.21288118045931928,1.0710676137868074,-0.23428369449643016
-0.3942233687806291,0.7322724795630585,1.4591777756836828,-1.611612880248516
2.7962542374062873,0.15517103611445937,-0.09326287190381899,-0.922948287372473
0.06541661952278346,0.5014319021836189,-0.09326287190381899,-0.922948287372473
0.7372509690062825,-0.1333796856098402,-1.4516484385428832,1.602155219839684
-0.7069253388230257,0.32830146914903907,1.6532328566321206,0.9134906269636413
2.4714361478940847,-1.3452927168518984,-0.09326287190381899,0.6839357626716269
-0.8817795414645289,-0.30651011864441996,-0.09326287190381899,-1.1525031516644872
-0.5666472727123305,0.386011613493899,-0.09326287190381899,1.3726003555476698
1.3221080025751626,-1.1721622838173187,1.6532328566321206,-0.00472883020441589
1.2641162168907194,-0.24879997429956002,1.4591777756836828,-1.1525031516644872
-1.532829932590068,-0.1910898299547001,-0.2873179528522567,-0.46383855878844443
0.5451086300070163,-0.883611562093019,0.682957451889932,-0.23428369449643016
1.7347464781167516,-1.2875825725070384,0.682957451889932,1.1430454912556556
1.4086299023166333,1.4825043560462374,1.6532328566321206,0.6839357626716269
-0.882222227672694,-0.47964055167899966,-0.6754281147491322,-1.611612880248516
-0.9633881903571143,-0.4219304073341398,0.2948472899930565,-1.3820580159565015
-3.925800578653338,0.6745623352181985,1.2651226947352452,0.45438089837961265
-1.2524189404968216,1.6556347890808172,-1.6457035194913208,1.1430454912556556
-0.8370682941805784,-0.36422026298927984,-0.6754281147491322,1.1430454912556556
1.7347224665620466,0.9054029125976383,0.4889023709414942,-1.611612880248516
-0.4074980792198561,-1.3452927168518984,-0.2873179528522567,1.3726003555476698
-1.0651700306229481,-1.5184231498864782,-1.2575933575944453,1.3726003555476698
-1.1702690501008253,-1.3452927168518984,1.0710676137868074,1.602155219839684
-0.05061674111814283,0.44372175783875895,0.682957451889932,-0.46383855878844443
-1.1027163785820995,0.9631130569424982,-1.2575933575944453,-1.1525031516644872
0.9509264146684675,0.21288118045931928,-1.2575933575944453,-0.23428369449643016
1.6795446859610355,0.5014319021836189,0.2948472899930565,0.45438089837961265
0.4719603057604916,0.386011613493899,0.10079220904461875,0.6839357626716269
-1.459830545395708,0.03975074742473954,1.4591777756836828,-0.00472883020441589
0.34391973397511827,-0.4219304073341398,1.2651226947352452,0.6839357626716269
0.5234523576793165,-1.2298724281621785,0.682957451889932,1.3726003555476698
-0.43321650066907086,-0.1910898299547001,-1.6457035194913208,-0.6933934230804587
0.247750610333098,1.4825043560462374,-0.09326287190381899,1.3726003555476698
-0.48520815375725806,-0.1910898299547001,-0.8694831956975699,-0.922948287372473
-0.03778992259513376,0.7899826239079184,-0.8694831956975699,-0.00472883020441589
1.1140433290245855,-1.1144521394724587,-0.8694831956975699,0.6839357626716269
1.0792434877433952,1.3093739230116577,-0.6754281147491322,1.1430454912556556
-0.9066686019466395,-1.0567419951275987,1.6532328566321206,-0.922948287372473
-1.4151036647787707,-1.2875825725070384,-1.6457035194913208,0.9134906269636413
-0.7977338022891561,-1.4607130055416182,-0.6754281147491322,-0.922948287372473
-0.758006342352749,-0.6527709847135794,-0.2873179528522567,0.45438089837961265
-0.17511186151854202,-1.2298724281621785,-0.8694831956975699,-1.611612880248516
0.45731282030901765,1.3093739230116577,1.2651226947352452,0.45438089837961265
0.6662486878335107,-0.6527709847135794,1.4591777756836828,0.6839357626716269
-0.4975639974941174,1.1939536343219377,0.8770125328383697,1.3726003555476698
2.102534040036239,-0.1910898299547001,0.10079220904461875,0.22482603408759838
0.09119425772132551,-0.1333796856098402,-0.2873179528522567,0.22482603408759838
-0.6810067798747748,-0.36422026298927984,1.4591777756836828,-0.922948287372473
1.7127676340697393,-0.883611562093019,0.682957451889932,0.45438089837961265
-0.2659446868425572,0.9054029125976383,1.4591777756836828,1.3726003555476698
-0.1798436190119715,-1.6915535829210577,0.8770125328383697,0.45438089837961265
-0.014292015972137431,-1.2875825725070384,1.6532328566321206,1.602155219839684
1.146314531840028,0.6168521908733386,1.0710676137868074,-0.00472883020441589
0.8476038218146141,-0.8259014177481592,-0.09326287190381899,0.45438089837961265
-0.78314694216565,-0.9990318507827389,-0.09326287190381899,1.3726003555476698
0.044173198369869965,-1.576133294231338,-0.6754281147491322,-0.46383855878844443
0.040250660794312484,-0.1910898299547001,-0.48137303380069446,1.1430454912556556
-0.9177399729179827,0.03975074742473954,0.4889023709414942,0.22482603408759838
-1.800720852417671,-0.883611562093019,0.4889023709414942,-1.3820580159565015
-0.6364574159593669,1.4247942117013774,-0.8694831956975699,-1.3820580159565015
-1.3412188950263046,0.15517103611445937,0.10079220904461875,0.6839357626716269
-0.7623550427332298,1.078533345632218,0.2948472899930565,1.3726003555476698
0.5016908122371083,-0.1333796856098402,0.10079220904461875,-0.00472883020441589
1.0733400044237633,0.7899826239079184,1.0710676137868074,-0.00472883020441589
0.735383236441818,-0.5373506960238595,1.2651226947352452,0.45438089837961265
0.43015719277403797,-0.07566954126498028,0.10079220904461875,0.45438089837961265
-0.11265465084849996,-0.7681912734032992,0.10079220904461875,-0.46383855878844443
0.8830253176859592,-1.0567419951275987,0.682957451889932,1.3726003555476698
-0.9129837099553422,1.5402145003910972,0.8770125328383697,1.1430454912556556
0.0020713726034092355,-1.1144521394724587,1.2651226947352452,1.3726003555476698
-0.4272373974679282,-0.8259014177481592,-1.0635382766460078,0.9134906269636413
-0.32930343442947874,0.6168521908733386,-0.2873179528522567,-0.00472883020441589
-0.7915438440784361,0.15517103611445937,1.6532328566321206,1.1430454912556556
3.521839234163634,-0.36422026298927984,0.682957451889932,0.6839357626716269
-0.6904946606811798,0.8476927682527783,0.2948472899930565,-0.46383855878844443
-0.7559784346742539,1.078533345632218,0.2948472899930565,-0.46383855878844443
0.18687861516319226,-1.6915535829210577,-1.4516484385428832,-0.00472883020441589
0.30970423951757664,0.386011613493899,0.10079220904461875,1.3726003555476698
0.6351645135323721,-1.6915535829210577,0.10079220904461875,-1.611612880248516
-1.5936435560538387,0.7899826239079184,1.6532328566321206,1.1430454912556556
-1.375857326911233,0.8476927682527783,0.682957451889932,0.22482603408759838
1.2918659324022137,0.7899826239079184,-1.0635382766460078,-0.23428369449643016
-0.7622307599972051,-0.07566954126498028,-0.09326287190381899,1.3726003555476698
0.011831717280197126,-1.6915535829210577,1.2651226947352452,0.45438089837961265
-0.617632177611239,1.713344933425677,-0.2873179528522567,-1.1525031516644872
-0.3535899667098164,1.3093739230116577,0.682957451889932,-0.00472883020441589
-0.0671357926870644,-1.576133294231338,-0.8694831956975699,0.45438089837961265
-0.72251083647381,0.9054029125976383,0.8770125328383697,-0.6933934230804587
-0.6458175838370458,1.3093739230116577,-1.4516484385428832,1.602155219839684
0.4392570760222964,-0.7104811290584393,-1.0635382766460078,-0.6933934230804587
-1.023866094832863,-0.6527709847135794,0.682957451889932,-0.23428369449643016
1.131516790452714,-0.5373506960238595,-1.0635382766460078,-1.3820580159565015
-0.3076062457495891,-0.30651011864441996,-0.8694831956975699,-0.23428369449643016
-1.5015207758358076,0.5591420465284788,0.682957451889932,-0.6933934230804587
-0.37876494134444033,0.8476927682527783,0.4889023709414942,0.6839357626716269
0.6698790570787788,1.4825043560462374,0.8770125328383697,-0.46383855878844443
0.9155174813081515,-0.9413217064378789,-0.09326287190381899,0.22482603408759838
-0.3649831527589672,0.7899826239079184,-1.6457035194913208,-0.00472883020441589
1.3803148260776996,0.32830146914903907,-1.0635382766460078,1.3726003555476698
1.1568642086548746,1.5402145003910972,0.4889023709414942,-0.46383855878844443
-0.6955002929980583,1.0208232012873582,-1.4516484385428832,0.6839357626716269
0.5138420967535736,0.44372175783875895,1.4591777756836828,-1.1525031516644872
-0.033577039214469334,0.6745623352181985,-1.2575933575944453,1.602155219839684
1.2846644630069075,-0.1333796856098402,-1.4516484385428832,-1.1525031516644872
0.1299941206409011,1.2516637786667977,-0.8694831956975699,-0.922948287372473
-0.36154248683156753,0.5014319021836189,-0.6754281147491322,0.22482603408759838
0.8524742676196597,0.9631130569424982,1.6532328566321206,0.9134906269636413
-0.7950004730437354,0.9054029125976383,-0.8694831956975699,0.22482603408759838
0.9952030841738925,-1.576133294231338,-0.6754281147491322,-1.1525031516644872
-1.6849261309478878,-0.7681912734032992,-1.2575933575944453,-0.46383855878844443
1.0260144834178961,1.078533345632218,-0.48137303380069446,1.602155219839684
0.8442284755256679,0.9631130569424982,-1.4516484385428832,-0.922948287372473
-1.2318712334002326,-0.6527709847135794,-0.09326287190381899,0.45438089837961265
-1.0392756357714468,-1.6915535829210577,-0.2873179528522567,1.3726003555476698
0.8340836900025165,0.5014319021836189,0.10079220904461875,1.1430454912556556
1.5287120373596101,1.078533345632218,0.2948472899930565,-0.00472883020441589
-0.9677200577110594,-1.633843438576198,0.4889023709414942,-0.922948287372473
1.2983073794961604,-0.9990318507827389,-0.8694831956975699,0.45438089837961265
-0.9867549961545552,-1.6915535829210577,-0.6754281147491322,1.3726003555476698
1.6291218154156903,-1.4030028611967582,-0.8694831956975699,-0.6933934230804587
-0.329105855449403,-1.633843438576198,-1.2575933575944453,1.3726003555476698
-0.18366402858989117,0.5014319021836189,-0.8694831956975699,-0.922948287372473
-0.11327918043572942,1.4825043560462374,-0.2873179528522567,0.6839357626716269
-1.131426608240022,0.386011613493899,1.6532328566321206,-1.611612880248516
0.5858117933256543,0.5591420465284788,1.2651226947352452,-0.23428369449643016
-0.4423505884459928,1.6556347890808172,-0.8694831956975699,0.45438089837961265
1.3631451046771315,0.21288118045931928,0.682957451889932,0.6839357626716269
1.0465759818390639,-0.5373506960238595,0.2948472899930565,0.22482603408759838
0.31379765421079775,0.7899826239079184,-0.8694831956975699,-0.46383855878844443
-0.8255445533079456,1.2516637786667977,0.8770125328383697,0.6839357626716269
2.1899438998572345,-1.2875825725070384,-1.2575933575944453,1.1430454912556556
0.7386536832554084,0.7322724795630585,-1.2575933575944453,0.6839357626716269
-0.5742525820616359,-0.6527709847135794,1.0710676137868074,-1.3820580159565015
1.1012207900735271,1.5402145003910972,0.4889023709414942,-0.00472883020441589
0.42733940930159964,-0.7681912734032992,-0.48137303380069446,-0.23428369449643016
0.2427957706157822,-0.9413217064378789,-1.4516484385428832,-0.23428369449643016
1.2060767512394337,0.15517103611445937,0.4889023709414942,1.1430454912556556
1.0258685750308312,0.7899826239079184,-0.8694831956975699,-0.00472883020441589
-0.823889820923795,1.078533345632218,1.4591777756836828,-0.922948287372473
-1.7165912405087607,0.44372175783875895,1.0710676137868074,1.1430454912556556
1.3086950100582366,-0.9413217064378789,-0.09326287190381899,0.22482603408759838
0.7670447137102027,-1.633843438576198,-1.2575933575944453,0.22482603408759838
0.17786274035767594,1.0208232012873582,0.8770125328383697,-0.46383855878844443
-1.4493310028891973,0.09746089176959945,-1.4516484385428832,1.3726003555476698
-0.49700267658762914,0.2705913248041792,-0.48137303380069446,0.22482603408759838
0.5397779709279612,-1.4607130055416182,-0.48137303380069446,-1.3820580159565015
-2.106264616203616,-1.1721622838173187,-0.48137303380069446,1.602155219839684
0.7150040465084265,0.09746089176959945,-0.2873179528522567,0.45438089837961265
1.3273591474621809,1.4247942117013774,0.4889023709414942,-0.46383855878844443
-0.3201293569442867,0.15517103611445937,0.4889023709414942,-0.6933934230804587
-0.228970714199123,1.0208232012873582,-1.6457035194913208,-0.46383855878844443
0.11037966758642177,-0.883611562093019,-1.0635382766460078,0.22482603408759838
0.016365937505871966,0.21288118045931928,1.2651226947352452,0.9134906269636413
-2.493036634485762,-0.1910898299547001,0.10079220904461875,1.3726003555476698
1.9434333308016514,-0.9413217064378789,1.0710676137868074,-1.1525031516644872
-0.6845337546692715,-0.7104811290584393,0.2948472899930565,1.1430454912556556
1.342942161764586,1.6556347890808172,0.2948472899930565,0.45438089837961265
-0.007436047968211981,0.6745623352181985,-0.09326287190381899,1.3726003555476698
1.226384702530278,-1.5184231498864782,0.8770125328383697,-1.3820580159565015
0.5554023563396709,-1.4607130055416182,-0.2873179528522567,-0.922948287372473
1.0406108611645317,0.6745623352181985,1.0710676137868074,-0.23428369449643016
-1.1273495863985974,1.5402145003910972,1.4591777756836828,0.22482603408759838
0.5572970230979278,1.2516637786667977,0.8770125328383697,-1.611612880248516
-0.23475555929176595,0.21288118045931928,0.2948472899930565,0.6839357626716269
0.5897208842758977,1.4247942117013774,-1.0635382766460078,-1.3820580159565015
-0.3429129871263221,0.6168521908733386,-0.2873179528522567,-0.23428369449643016
-0.8337846672793583,-0.36422026298927984,-0.8694831956975699,1.1430454912556556
1.6883289190896362,1.0208232012873582,-1.6457035194913208,0.22482603408759838
-0.25880862696867074,-0.017959396920120375,-0.48137303380069446,-0.23428369449643016
0.2900527279867422,1.078533345632218,0.8770125328383697,1.1430454912556556
1.690232926951789,1.2516637786667977,0.682957451889932,0.9134906269636413
-0.1368350173354472,-0.1910898299547001,0.4889023709414942,-0.23428369449643016
-0.6973664532631794,0.21288118045931928,1.6532328566321206,0.22482603408759838
-0.05639330504530822,0.09746089176959945,0.682957451889932,-0.6933934230804587
0.2160482303431699,1.4825043560462374,0.8770125328383697,-1.3820580159565015
0.7944775494261505,1.4247942117013774,-0.09326287190381899,-0.922948287372473
-0.3842218994022953,-0.1333796856098402,0.682957451889932,0.45438089837961265
1.5265760788742557,-1.4607130055416182,-1.6457035194913208,0.45438089837961265
1.141587997819726,0.8476927682527783,0.10079220904461875,-0.46383855878844443
-0.05293060552055061,-1.1721622838173187,-0.8694831956975699,0.45438089837961265
-5.822994043819831e-06,-0.4219304073341398,1.4591777756836828,0.9134906269636413
0.24376129997401938,-1.4607130055416182,-0.8694831956975699,0.45438089837961265
0.3440253924466824,-1.6915535829210577,-0.48137303380069446,-0.6933934230804587
0.6985561930523361,1.136243489977078,-1.6457035194913208,1.1430454912556556
-0.7676276442602632,0.386011613493899,-0.6754281147491322,-0.46383855878844443
-1.1835659625611559,-0.47964055167899966,-1.6457035194913208,-1.1525031516644872
0.1454190663960945,-0.47964055167899966,0.2948472899930565,0.6839357626716269
0.04367632977046247,0.6168521908733386,0.682957451889932,-1.3820580159565015
-0.8050275809299982,0.03975074742473954,-0.8694831956975699,-0.6933934230804587
-0.7883819011489622,-0.5373506960238595,1.6532328566321206,-0.6933934230804587
-0.5630369409892884,-1.0567419951275987,-0.6754281147491322,-0.46383855878844443
0.045467076215807235,-0.4219304073341398,-0.6754281147491322,-0.922948287372473
-2.579924717997982,-0.36422026298927984,0.10079220904461875,-0.23428369449643016
1.1017751091154464,0.5591420465284788,-0.48137303380069446,0.6839357626716269
-0.3461791422982373,-0.017959396920120375,-1.6457035194913208,1.1430454912556556
2.459190184195355,1.3093739230116577,0.682957451889932,-1.611612880248516
0.22640176075262783,-1.1721622838173187,0.8770125328383697,0.9134906269636413
0.4793451346095916,-1.2298724281621785,-1.6457035194913208,-0.922948287372473
0.17968838703603646,-0.24879997429956002,-1.4516484385428832,-0.6933934230804587
-1.2824030188959914,-1.5184231498864782,0.10079220904461875,-0.922948287372473
0.9505541441456893,-0.6527709847135794,-0.6754281147491322,1.602155219839684
-0.7798243832326893,0.6168521908733386,0.682957451889932,-0.23428369449643016
1.2942075883068236,-1.4030028611967582,-1.6457035194913208,-0.922948287372473
-0.32105474168058856,0.32830146914903907,-0.8694831956975699,1.602155219839684
-0.761900394679585,-1.2298724281621785,-0.8694831956975699,-0.23428369449643016
-0.39277209079822983,-1.1144521394724587,-1.0635382766460078,1.3726003555476698
0.36240753246688706,1.3093739230116577,1.4591777756836828,1.3726003555476698
-0.44216561650108865,0.7899826239079184,-0.2873179528522567,-1.611612880248516
-0.5492108174254066,0.21288118045931928,-0.09326287190381899,1.3726003555476698
-0.0501119411455228,-0.07566954126498028,0.2948472899930565,-1.1525031516644872
1.1119460714230438,-1.0567419951275987,-0.09326287190381899,-1.611612880248516
0.24652817447597059,1.0208232012873582,-0.09326287190381899,-0.6933934230804587
-0.9053054417593922,1.3670840673565174,1.6532328566321206,-0.6933934230804587
0.905259107479705,-1.4030028611967582,-0.48137303380069446,-1.3820580159565015
0.5356171844195083,1.078533345632218,1.4591777756836828,-0.6933934230804587
0.3814307766725916,0.44372175783875895,0.4889023709414942,0.6839357626716269
-0.4948814768954465,-0.5950608403687195,-1.4516484385428832,1.3726003555476698
-0.48192474073039926,0.9631130569424982,-1.0635382766460078,-0.6933934230804587
-0.3169933674496054,1.136243489977078,1.4591777756836828,-1.1525031516644872
0.14133625233604594,-0.5950608403687195,0.4889023709414942,1.1430454912556556
-0.09267099768948078,1.4247942117013774,0.4889023709414942,-1.611612880248516
-1.0844242128935369,1.6556347890808172,-0.48137303380069446,-1.3820580159565015
0.19185003747131313,-0.7681912734032992,0.2948472899930565,1.602155219839684
0.4792461512355751,0.5014319021836189,-1.2575933575944453,-1.1525031516644872
1.3139879592636359,1.136243489977078,-0.2873179528522567,-1.611612880248516
1.7175037397320763,0.9054029125976383,1.0710676137868074,0.6839357626716269
1.9876444548132082,-1.6915535829210577,0.10079220904461875,0.6839357626716269
-0.2092950106605569,0.2705913248041792,-1.4516484385428832,0.6839357626716269
0.462440018739601,0.9054029125976383,-0.09326287190381899,-0.23428369449643016
-1.083806668688245,1.3670840673565174,-0.09326287190381899,-0.00472883020441589
-0.12189772562687587,1.2516637786667977,0.4889023709414942,-0.00472883020441589
-0.7766278276027753,-1.633843438576198,1.2651226947352452,-0.46383855878844443
-1.3481100565438284,-1.1144521394724587,-0.48137303380069446,0.45438089837961265
0.08511851543138234,-1.5184231498864782,1.4591777756836828,0.45438089837961265
1.4374679671758717,-0.017959396920120375,-0.2873179528522567,1.3726003555476698
0.48280436659328124,1.136243489977078,-0.48137303380069446,1.3726003555476698
-0.7932630276681604,-0.883611562093019,-1.4516484385428832,0.9134906269636413
0.9486529790749566,-0.7104811290584393,-1.2575933575944453,-1.3820580159565015
-0.7575477640863003,0.9054029125976383,1.2651226947352452,1.602155219839684
-0.15932496911244848,-1.1144521394724587,0.4889023709414942,-0.922948287372473
-1.0290383791030202,0.386011613493899,1.4591777756836828,-0.23428369449643016
0.9215448840236657,0.15517103611445937,-0.09326287190381899,-0.6933934230804587
1.3331632176626729,-0.36422026298927984,1.4591777756836828,1.1430454912556556
0.9074138268163385,-0.4219304073341398,-1.0635382766460078,-1.1525031516644872
0.5190729247515768,-1.2875825725070384,-0.6754281147491322,0.9134906269636413
1.2091161282582097,-0.9413217064378789,-1.4516484385428832,-1.1525031516644872
-0.987060725420361,0.2705913248041792,0.8770125328383697,1.3726003555476698
0.04046261362081496,0.9054029125976383,-0.2873179528522567,-1.611612880248516
-0.10245891787403984,-0.07566954126498028,-1.6457035194913208,0.6839357626716269
2.1585228326689374,-0.9990318507827389,-1.0635382766460078,-1.1525031516644872
0.940692122267751,1.6556347890808172,0.10079220904461875,1.1430454912556556
-0.11831073551997702,0.9054029125976383,0.8770125328383697,-1.1525031516644872
-0.2901154913390463,-1.4030028611967582,0.2948472899930565,1.3726003555476698
-0.4393769762525455,0.6168521908733386,0.8770125328383697,0.45438089837961265
0.9448876586499647,1.3093739230116577,1.4591777756836828,0.22482603408759838
0.4516643994407678,-0.07566954126498028,1.0710676137868074,-0.46383855878844443
0.5158556668139127,-1.633843438576198,0.682957451889932,1.3726003555476698
0.2908343382698197,-0.8259014177481592,-1.6457035194913208,1.1430454912556556
-0.219861546026493,0.9631130569424982,0.10079220904461875,-1.1525031516644872
-0.4826638480891813,0.386011613493899,1.0710676137868074,-1.3820580159565015
0.8343873888529797,0.9631130569424982,1.4591777756836828,1.1430454912556556
0.17725920838412385,1.713344933425677,-1.2575933575944453,1.1430454912556556
-0.21292686103485584,-0.24879997429956002,-1.2575933575944453,-1.1525031516644872
1.436931888113658,0.9631130569424982,1.0710676137868074,0.22482603408759838
0.983330228667498,1.1939536343219377,-1.6457035194913208,0.22482603408759838
-0.6023799542002346,-1.0567419951275987,1.2651226947352452,-0.46383855878844443
0.3649922008534542,1.1939536343219377,0.4889023709414942,1.602155219839684
0.015890993329845445,-0.36422026298927984,-0.8694831956975699,-0.23428369449643016
0.7040256019954477,-0.5373506960238595,-0.6754281147491322,0.45438089837961265
0.27487831772992066,0.9631130569424982,1.6532328566321206,-0.6933934230804587
0.7802011529307596,-1.6915535829210577,-1.0635382766460078,-1.1525031516644872
-1.4240687989554077,-1.0567419951275987,0.10079220904461875,-0.46383855878844443
-0.8982185664622448,-0.07566954126498028,0.682957451889932,1.1430454912556556
-0.4590238944636178,-1.0567419951275987,1.4591777756836828,1.1430454912556556
0.5681746800185048,-0.24879997429956002,0.2948472899930565,0.9134906269636413
-0.18989049405112374,1.3670840673565174,0.2948472899930565,-0.6933934230804587
-0.16911739604211756,-1.2298724281621785,1.6532328566321206,-0.00472883020441589
-0.4937579851639236,0.5591420465284788,-1.6457035194913208,-0.922948287372473
1.2922939066622356,-0.30651011864441996,-1.0635382766460078,-0.00472883020441589
0.5389608203610781,-1.576133294231338,-0.8694831956975699,-1.611612880248516
0.9092114820510032,-0.9413217064378789,0.4889023709414942,-1.611612880248516
1.6489029720267716,0.7322724795630585,-0.6754281147491322,0.22482603408759838
0.019005626862752752,1.0208232012873582,-1.4516484385428832,0.45438089837961265
0.02191632680272654,-0.4219304073341398,0.2948472899930565,-1.1525031516644872
0.014862162858271534,-0.07566954126498028,-1.0635382766460078,0.22482603408759838
-2.2160450360495045,0.6745623352181985,0.682957451889932,-0.6933934230804587
-0.6199171288172975,-0.24879997429956002,-0.48137303380069446,-1.3820580159565015
0.027313031794772926,1.4247942117013774,0.10079220904461875,1.602155219839684
1.7385071583377945,1.078533345632218,0.2948472899930565,0.45438089837961265
-1.1027907366634573,0.9631130569424982,-0.48137303380069446,0.9134906269636413
-0.21595383205980148,0.03975074742473954,1.0710676137868074,1.602155219839684
-1.654614217583797,0.5014319021836189,-0.6754281147491322,1.1430454912556556
0.7069721253152528,1.3670840673565174,1.4591777756836828,0.6839357626716269
-0.7432114892317977,0.386011613493899,0.4889023709414942,0.45438089837961265
-0.6196318377964118,-0.36422026298927984,-1.6457035194913208,0.22482603408759838
0.08491079462854975,-0.47964055167899966,-1.2575933575944453,1.1430454912556556
1.5320178008943584,1.6556347890808172,0.8770125328383697,0.9134906269636413
-0.42703674969173044,-0.7104811290584393,-0.6754281147491322,-0.46383855878844443
0.868869205044114,-0.017959396920120375,-0.2873179528522567,-0.23428369449643016
-1.7365918692336393,-0.36422026298927984,-0.48137303380069446,1.3726003555476698
-1.0105392455141637,-1.5184231498864782,0.682957451889932,-0.46383855878844443
0.4959968053907319,1.2516637786667977,-1.4516484385428832,-1.1525031516644872
-0.7731065718979226,-1.2875825725070384,-0.2873179528522567,0.45438089837961265
1.0300992046591568,0.7899826239079184,-0.8694831956975699,-0.23428369449643016
-0.9873281615948732,0.7899826239079184,-0.2873179528522567,0.45438089837961265
1.243870177926206,1.4825043560462374,-1.0635382766460078,0.45438089837961265
0.32304053256958454,0.9054029125976383,-0.8694831956975699,0.45438089837961265
0.6738211679461484,-1.633843438576198,-1.0635382766460078,1.1430454912556556
-1.1035795450729673,-0.017959396920120375,0.8770125328383697,0.9134906269636413
-1.6927163165065056,1.078533345632218,1.6532328566321206,-1.611612880248516
-0.9926449493391828,-1.576133294231338,0.2948472899930565,1.1430454912556556
-0.0037964733495289347,0.2705913248041792,1.4591777756836828,-1.1525031516644872
1.714892706612766,0.21288118045931928,-1.2575933575944453,0.6839357626716269
-0.021562086182788886,-0.883611562093019,0.4889023709414942,0.45438089837961265
-0.9189619610358474,-1.4607130055416182,-1.6457035194913208,-0.922948287372473
0.833163184183901,0.386011613493899,-1.2575933575944453,1.1430454912556556
1.145236254957623,-0.1910898299547001,-1.0635382766460078,0.22482603408759838
1.248525940399449,1.5979246447359572,1.0710676137868074,-0.922948287372473
1.1221363157833317,-0.07566954126498028,1.6532328566321206,-0.6933934230804587
0.9639869757831505,-0.7104811290584393,-0.2873179528522567,-1.3820580159565015
-0.054638065117648536,0.03975074742473954,-1.2575933575944453,0.6839357626716269
2.6009384606952524,-1.0567419951275987,0.2948472899930565,0.9134906269636413
0.5963281054980942,1.1939536343219377,-0.09326287190381899,1.1430454912556556
-2.5258230922614966,0.386011613493899,1.2651226947352452,0.9134906269636413
-0.6557397196891009,0.09746089176959945,0.4889023709414942,1.3726003555476698
-1.7196244613226104,-0.7681912734032992,0.682957451889932,-0.23428369449643016
-0.6133699104211042,0.32830146914903907,0.2948472899930565,1.1430454912556556
1.0818774382797005,-0.7681912734032992,-0.8694831956975699,0.6839357626716269
-0.6278254556315824,-1.633843438576198,1.4591777756836828,-0.00472883020441589
0.8251034520004495,1.3670840673565174,-0.6754281147491322,-1.1525031516644872
0.48633900233529803,-1.5184231498864782,-1.4516484385428832,-1.611612880248516
-1.8821673072115774,-0.7681912734032992,1.2651226947352452,0.9134906269636413
-0.7658112344451681,1.4825043560462374,1.2651226947352452,1.1430454912556556
0.3792355400339036,-1.2298724281621785,0.682957451889932,-0.922948287372473
0.8926017409518232,0.9054029125976383,1.4591777756836828,1.1430454912556556
2.6860703960234837,-0.47964055167899966,0.682957451889932,-1.611612880248516
-1.845415386799837,-0.4219304073341398,0.10079220904461875,1.602155219839684
1.277754429927112,-1.6915535829210577,-0.2873179528522567,-1.3820580159565015
1.031876488584344,0.7899826239079184,0.4889023709414942,0.6839357626716269
-0.13119297399951171,1.713344933425677,-0.2873179528522567,-1.1525031516644872
0.48655598893037383,1.4247942117013774,1.2651226947352452,-0.6933934230804587
-0.41898800644681256,1.6556347890808172,0.4889023709414942,0.22482603408759838
-1.1541754711259449,1.3670840673565174,0.4889023709414942,-1.1525031516644872
1.6584829378249266,0.7322724795630585,-0.2873179528522567,-1.1525031516644872
-0.2752242417710162,1.6556347890808172,-0.8694831956975699,-0.922948287372473
0.550803568110048,-0.7104811290584393,1.4591777756836828,0.22482603408759838
0.02959733923255055,-0.6527709847135794,-0.48137303380069446,-1.611612880248516
0.6279650859582965,-1.1721622838173187,-1.0635382766460078,-0.23428369449643016
1.0261687406123003,-1.4030028611967582,-1.2575933575944453,-0.6933934230804587
-1.2931985952022511,-1.633843438576198,1.4591777756836828,0.9134906269636413
-0.1266223667224065,-1.1721622838173187,0.682957451889932,0.9134906269636413
0.8190682138817729,-0.9990318507827389,1.2651226947352452,1.3726003555476698
-0.4728085546707961,0.386011613493899,1.2651226947352452,-0.6933934230804587
0.7646601447323919,0.5591420465284788,-0.6754281147491322,1.1430454912556556
0.17135335574086,-0.883611562093019,1.6532328566321206,-1.1525031516644872
-0.2265479325361558,0.6168521908733386,-0.6754281147491322,-0.23428369449643016
0.00024500827333981363,0.09746089176959945,-0.6754281147491322,0.9134906269636413
0.09036864717154754,0.03975074742473954,0.4889023709414942,0.6839357626716269
-0.05375740013390856,-0.9990318507827389,1.6532328566321206,-1.1525031516644872
-0.14249960031286843,-0.5950608403687195,-1.2575933575944453,-1.1525031516644872
0.6139415748146277,-0.883611562093019,1.4591777756836828,0.45438089837961265
1.0912307399897434,-0.5950608403687195,-0.48137303380069446,0.9134906269636413
-0.5312227898246281,-1.3452927168518984,1.0710676137868074,1.602155219839684
-0.6141223014919355,1.078533345632218,0.682957451889932,-0.46383855878844443
0.441480917533757,-0.9413217064378789,-1.4516484385428832,-0.46383855878844443
-2.1072869721061114,0.32830146914903907,0.2948472899930565,-1.1525031516644872
0.685610908573175,-1.1721622838173187,-0.48137303380069446,0.22482603408759838
-0.30402658519544135,-1.0567419951275987,0.10079220904461875,0.22482603408759838
-0.8771632059194322,-1.0567419951275987,-0.2873179528522567,-0.23428369449643016
0.982969492989497,0.21288118045931928,-1.4516484385428832,0.45438089837961265
1.7855303842219983,0.32830146914903907,-0.6754281147491322,0.9134906269636413
1.5371049213837895,-1.2298724281621785,-0.09326287190381899,-0.46383855878844443
0.4147705733771832,-0.5950608403687195,-1.4516484385428832,0.9134906269636413
-0.8486208752423149,0.9054029125976383,-0.6754281147491322,-1.3820580159565015
0.25022468380624124,-1.2298724281621785,-0.09326287190381899,0.6839357626716269
-0.35647530354182305,0.7899826239079184,1.4591777756836828,-0.23428369449643016
0.8468315715637816,-0.30651011864441996,0.682957451889932,-1.3820580159565015
0.26441216875724927,-0.36422026298927984,-1.2575933575944453,0.6839357626716269
-0.40136479176224915,1.5402145003910972,0.10079220904461875,-0.922948287372473
0.6020913060250278,-1.2875825725070384,1.0710676137868074,1.1430454912556556
0.37682104991719434,1.3670840673565174,-0.2873179528522567,-1.611612880248516
-0.20502392754586773,1.713344933425677,-0.2873179528522567,-0.23428369449643016
0.5808594144550513,-1.6915535829210577,0.8770125328383697,-0.23428369449643016
0.265782328872544,0.9054029125976383,0.4889023709414942,0.45438089837961265
-1.7916283084465756,-1.1721622838173187,0.682957451889932,0.22482603408759838
-1.5512600506205678,0.6745623352181985,1.2651226947352452,1.3726003555476698
-1.2605522716391298,-0.883611562093019,0.682957451889932,-0.922948287372473
-1.5927522448680473,1.136243489977078,0.10079220904461875,0.6839357626716269
0.17431072522382138,0.21288118045931928,-0.48137303380069446,1.3726003555476698
-2.052121352421536,-1.1144521394724587,-1.0635382766460078,1.3726003555476698
0.09143807016933772,0.7899826239079184,1.6532328566321206,-0.6933934230804587
-0.5896984160616855,0.7899826239079184,1.0710676137868074,-0.922948287372473
1.4360541882850304,-1.576133294231338,0.4889023709414942,-1.611612880248516
0.48874712035354634,-1.2875825725070384,-0.09326287190381899,-0.23428369449643016
-0.4681207894027381,1.2516637786667977,0.4889023709414942,1.1430454912556556
-0.7380722661195709,-1.2298724281621785,0.8770125328383697,-0.46383855878844443
-1.401299727018943,-0.5950608403687195,0.8770125328383697,0.6839357626716269
-1.4658492841173514,1.2516637786667977,-0.09326287190381899,-0.6933934230804587
1.3356556399706585,1.3093739230116577,0.2948472899930565,-0.6933934230804587
-0.1816659302702152,-0.7681912734032992,-0.2873179528522567,-0.6933934230804587
-0.11450572963252315,-0.24879997429956002,0.10079220904461875,0.22482603408759838
0.1776955722942388,-0.883611562093019,-0.2873179528522567,1.1430454912556556
1.606288039463817,0.5014319021836189,1.6532328566321206,-0.23428369449643016
-0.3895691001183553,-0.8259014177481592,-0.8694831956975699,-0.6933934230804587
1.746924040148491,-1.4030028611967582,1.0710676137868074,-0.00472883020441589
0.01866164457475676,0.386011613493899,0.10079220904461875,-1.3820580159565015
0.10527781976551476,-0.36422026298927984,1.2651226947352452,1.3726003555476698
0.17386576153512007,-1.1721622838173187,-1.0635382766460078,-1.611612880248516
-0.5356440185954835,-1.2875825725070384,-0.09326287190381899,-0.6933934230804587
-0.14667491657906737,-1.3452927168518984,0.2948472899930565,0.6839357626716269
0.5138345372286158,1.6556347890808172,0.2948472899930565,-0.00472883020441589
-1.8762820233428177,-1.1721622838173187,-0.2873179528522567,-0.00472883020441589
-0.2522926139175171,1.4247942117013774,0.4889023709414942,-0.46383855878844443
0.8087066821844064,-0.9413217064378789,0.682957451889932,0.6839357626716269
0.05306946577247025,1.5979246447359572,1.2651226947352452,0.9134906269636413
1.6720112134339045,0.5591420465284788,0.4889023709414942,-1.611612880248516
1.694709675447359,-1.5184231498864782,-1.6457035194913208,-1.3820580159565015
0.8614856573764036,-1.1721622838173187,0.2948472899930565,-0.922948287372473
-0.037269423956431985,0.2705913248041792,1.4591777756836828,1.1430454912556556
0.6103011901797478,-1.0567419951275987,0.10079220904461875,0.22482603408759838
-0.34497085932633376,-1.633843438576198,-0.09326287190381899,-1.1525031516644872
-1.2194873102623927,-1.576133294231338,0.682957451889932,-1.1525031516644872
0.7699036995385837,-0.6527709847135794,-1.2575933575944453,-1.611612880248516
-0.4374924969402759,1.4825043560462374,0.10079220904461875,0.9134906269636413
-0.199747672441973,-0.8259014177481592,-1.6457035194913208,1.1430454912556556
-0.7935604742200487,1.136243489977078,1.6532328566321206,-1.611612880248516
-0.6805022954069537,0.5014319021836189,1.6532328566321206,-1.611612880248516
-0.6762771273548684,-0.1333796856098402,0.10079220904461875,0.45438089837961265
-1.556233014484577,-1.576133294231338,0.8770125328383697,-0.6933934230804587
2.33533093646261,0.5014319021836189,0.682957451889932,1.1430454912556556
0.21479041282861872,-0.47964055167899966,1.4591777756836828,-1.3820580159565015
1.5540433822534594,-1.4030028611967582,0.10079220904461875,-1.3820580159565015
0.665700379422683,-0.5950608403687195,-1.6457035194913208,1.3726003555476698
-0.8484677999446074,-1.6915535829210577,1.2651226947352452,0.45438089837961265
0.47304841987719215,1.4247942117013774,1.6532328566321206,1.3726003555476698
2.6271331694834332,0.15517103611445937,0.10079220904461875,-1.611612880248516
1.1224933733316786,-1.1721622838173187,0.4889023709414942,0.6839357626716269
-1.7966484551844293,-1.4607130055416182,0.4889023709414942,-0.6933934230804587
0.8797791620185854,-0.6527709847135794,1.0710676137868074,-0.46383855878844443
0.29899341998209134,-1.2298724281621785,-0.6754281147491322,1.3726003555476698
-0.3631600386714347,0.6745623352181985,0.682957451889932,-0.46383855878844443
1.7612734713012894,-1.4030028611967582,-0.48137303380069446,0.6839357626716269
0.8523430925064255,-0.1910898299547001,-0.2873179528522567,0.6839357626716269
-0.5524114160909882,-0.883611562093019,-1.0635382766460078,1.602155219839684
0.21490344363107505,1.2516637786667977,-1.0635382766460078,1.1430454912556556
1.2852038214230685,1.4247942117013774,0.682957451889932,0.22482603408759838
1.9920651688994884,0.44372175783875895,1.4591777756836828,0.6839357626716269
-0.9618878899240918,-0.30651011864441996,0.4889023709414942,-0.46383855878844443
1.1806511879094683,-1.576133294231338,-1.6457035194913208,-1.3820580159565015
1.5354851545581882,-1.1721622838173187,1.2651226947352452,1.3726003555476698
-0.5515927477506493,-0.7681912734032992,-0.6754281147491322,0.6839357626716269
-0.6463234525162384,1.3670840673565174,-1.6457035194913208,-1.611612880248516
-1.3056435866062808,-1.6915535829210577,1.4591777756836828,-0.6933934230804587
1.01467185491577,0.7899826239079184,-0.8694831956975699,0.9134906269636413
1.2998231986517326,0.7322724795630585,0.682957451889932,0.45438089837961265
1.3182568051203751,-1.1144521394724587,-0.6754281147491322,-1.1525031516644872
0.9782280906421781,-0.30651011864441996,0.10079220904461875,0.22482603408759838
-2.2096736295062076,1.5402145003910972,0.2948472899930565,-1.611612880248516
1.2646076156005597,0.44372175783875895,0.2948472899930565,-1.611612880248516
-1.3226152849436845,1.6556347890808172,1.6532328566321206,-1.611612880248516
0.9697306065619558,1.2516637786667977,0.682957451889932,-0.23428369449643016
-1.3617992570092678,0.9631130569424982,-1.0635382766460078,-0.23428369449643016
-1.0451070296233864,0.44372175783875895,-1.6457035194913208,-1.611612880248516
2.0613265517878916,0.2705913248041792,0.10079220904461875,0.6839357626716269
1.061271441501718,0.5014319021836189,1.0710676137868074,-1.3820580159565015
0.8393591004638585,1.4247942117013774,-0.09326287190381899,0.6839357626716269
-2.0601260577042635,-1.0567419951275987,-0.6754281147491322,1.602155219839684
0.2816109717053639,1.1939536343219377,1.2651226947352452,-0.6933934230804587
-0.9072981208742755,-0.7104811290584393,1.4591777756836828,-0.6933934230804587
-1.1581305786540814,0.5591420465284788,-0.2873179528522567,-0.00472883020441589
1.332172584458328,0.6168521908733386,0.682957451889932,-1.3820580159565015
0.8154237410430443,0.21288118045931928,0.8770125328383697,1.1430454912556556
-0.9099535030553062,-0.4219304073341398,-0.48137303380069446,-1.1525031516644872
-0.752859978317512,1.713344933425677,1.0710676137868074,0.9134906269636413
0.791687561802034,-0.017959396920120375,0.682957451889932,1.1430454912556556
-1.0538905372811826,-0.5373506960238595,1.4591777756836828,0.6839357626716269
0.05628061296035837,-0.1333796856098402,0.8770125328383697,-0.6933934230804587
0.08114618254381839,-0.36422026298927984,-1.2575933575944453,-1.3820580159565015
1.1932543805407039,-0.9413217064378789,1.0710676137868074,-0.23428369449643016
0.9807623294745836,0.44372175783875895,0.8770125328383697,-1.3820580159565015
2.6349114099135145,-0.7681912734032992,0.682957451889932,1.602155219839684
0.7200387770178478,1.3093739230116577,1.2651226947352452,-0.922948287372473
0.38918809381205177,-0.1910898299547001,0.682957451889932,1.3726003555476698
0.20136996078977376,-1.633843438576198,1.6532328566321206,-1.1525031516644872
1.0001393323635768,0.32830146914903907,-0.09326287190381899,1.602155219839684
0.1102908532963558,1.078533345632218,-1.0635382766460078,1.1430454912556556
-0.04020499090944989,-0.017959396920120375,1.6532328566321206,0.9134906269636413
-0.70321972316968,-1.0567419951275987,0.8770125328383697,1.3726003555476698
0.7900253189667568,0.7899826239079184,-0.09326287190381899,0.9134906269636413
-0.970817267533092,-1.6915535829210577,1.2651226947352452,1.602155219839684
-0.19900404376081868,0.5014319021836189,-1.2575933575944453,0.22482603408759838
1.198438584223266,1.5979246447359572,-1.4516484385428832,0.22482603408759838
-1.4286466841053014,-0.7681912734032992,-0.48137303380069446,-0.922948287372473
0.02055757534917152,-0.6527709847135794,-1.0635382766460078,-1.1525031516644872
0.1276841841391005,-1.1721622838173187,-1.4516484385428832,-0.922948287372473
-1.4216038519769332,0.44372175783875895,-0.2873179528522567,-0.922948287372473
-0.2512131009591604,-0.8259014177481592,0.8770125328383697,-0.46383855878844443
0.13738099381067595,0.2705913248041792,0.682957451889932,-0.922948287372473
1.8381223927561392,-0.9413217064378789,-0.2873179528522567,0.45438089837961265
2.2002350126240464,-0.7681912734032992,-1.0635382766460078,0.45438089837961265
-1.4408045489059647,-0.7681912734032992,-1.4516484385428832,-0.6933934230804587
-1.0142771390015706,-1.2875825725070384,-1.6457035194913208,1.1430454912556556
0.2382033804126533,1.3670840673565174,-0.09326287190381899,-0.6933934230804587
1.9167012748268675,0.44372175783875895,-0.6754281147491322,0.45438089837961265
-2.5386996332713077,-1.2298724281621785,-0.2873179528522567,0.22482603408759838
0.09011082564099925,1.5979246447359572,-0.8694831956975699,-1.1525031516644872
0.09410011383241632,-0.5950608403687195,-1.0635382766460078,-0.922948287372473
0.7267604609680769,1.078533345632218,-0.48137303380069446,0.9134906269636413
-0.26351645613745595,0.09746089176959945,0.10079220904461875,0.22482603408759838
-0.6767671744448879,-0.07566954126498028,-0.2873179528522567,0.45438089837961265
1.0421448585322943,0.2705913248041792,0.2948472899930565,-0.6933934230804587
1.6087445821372044,1.5402145003910972,1.6532328566321206,-0.6933934230804587
-0.7705806117812913,-0.9413217064378789,0.2948472899930565,-1.611612880248516
1.516239768551621,1.5979246447359572,0.2948472899930565,1.3726003555476698
1.6308034468928274,-0.9413217064378789,0.8770125328383697,-0.6933934230804587
-0.983092521892986,1.5979246447359572,0.10079220904461875,-0.922948287372473
-0.5085854052723481,0.7322724795630585,-0.8694831956975699,-0.46383855878844443
-0.6644281551715859,-0.36422026298927984,-1.0635382766460078,-0.6933934230804587
0.7503879208667221,-0.5373506960238595,-1.0635382766460078,1.3726003555476698
0.28633973774597965,0.32830146914903907,0.682957451889932,0.6839357626716269
-0.6271523993332137,1.3670840673565174,0.4889023709414942,0.22482603408759838
-1.0234056446684525,1.6556347890808172,1.6532328566321206,1.602155219839684
-0.6375037302573652,-1.4030028611967582,0.682957451889932,0.45438089837961265
-0.4897459748782331,1.0208232012873582,0.4889023709414942,0.6839357626716269
0.23020723107628493,1.3670840673565174,0.4889023709414942,-0.922948287372473
0.2760413172503734,-1.0567419951275987,0.682957451889932,1.1430454912556556
-0.5347677957014092,-0.8259014177481592,1.2651226947352452,-0.922948287372473
-1.4773685539998573,-0.47964055167899966,0.682957451889932,0.45438089837961265
1.228329324620846,0.5014319021836189,-1.0635382766460078,0.22482603408759838
0.8986860539065641,1.2516637786667977,-0.8694831956975699,1.602155219839684
-0.376510310683772,0.21288118045931928,1.2651226947352452,-0.23428369449643016
1.9831908607451039,-0.24879997429956002,1.6532328566321206,-0.23428369449643016
0.23712068784467305,0.9054029125976383,0.4889023709414942,1.602155219839684
0.3328179343607174,1.1939536343219377,0.4889023709414942,-1.611612880248516
-0.5299693089408493,-0.07566954126498028,1.4591777756836828,-0.23428369449643016
-1.0286770398181477,1.4247942117013774,1.6532328566321206,-0.6933934230804587
0.2527461457969332,-0.36422026298927984,0.4889023709414942,1.602155219839684
-0.03546231715435674,-0.07566954126498028,-1.4516484385428832,-0.6933934230804587
-0.8349626198203098,0.5591420465284788,0.8770125328383697,-0.6933934230804587
1.015855350914213,0.32830146914903907,-1.2575933575944453,0.6839357626716269
0.7430275962608859,0.5014319021836189,-1.2575933575944453,1.602155219839684
-0.13086487099564825,-0.017959396920120375,0.4889023709414942,-1.611612880248516
-1.9687900354282908,1.5402145003910972,1.2651226947352452,1.602155219839684
-0.4468866175657127,-1.4030028611967582,-1.2575933575944453,-0.922948287372473
-1.5200336884498868,1.136243489977078,-0.48137303380069446,-1.611612880248516
0.19048204400750907,0.6745623352181985,1.6532328566321206,-0.46383855878844443
1.4026755538137456,1.5979246447359572,-0.09326287190381899,-0.46383855878844443
-0.027112137334070807,-0.6527709847135794,1.6532328566321206,-1.611612880248516
-0.8480612980373391,-0.7681912734032992,1.6532328566321206,1.602155219839684
-3.0406847126659073,-1.4607130055416182,-0.8694831956975699,0.6839357626716269
0.13546763911907708,0.09746089176959945,0.2948472899930565,1.1430454912556556
0.32379889412367296,-0.30651011864441996,-0.2873179528522567,0.45438089837961265
-0.019692158217792948,-0.4219304073341398,-0.8694831956975699,1.3726003555476698
-1.0928966602960917,-0.1333796856098402,-0.6754281147491322,1.3726003555476698
-1.049454628549176,0.7899826239079184,-0.6754281147491322,0.9134906269636413
-0.18525461839021623,-0.36422026298927984,1.0710676137868074,1.602155219839684
0.07861876586456465,1.3093739230116577,0.10079220904461875,0.22482603408759838
-1.3307296145648848,-0.36422026298927984,0.10079220904461875,0.6839357626716269
0.570017025868463,0.32830146914903907,0.8770125328383697,0.9134906269636413
1.2527946269562518,1.3093739230116577,-0.2873179528522567,-0.46383855878844443
0.1558574234833442,0.21288118045931928,-0.2873179528522567,-0.00472883020441589
-0.5004355089084911,-0.36422026298927984,1.0710676137868074,1.602155219839684
-1.0945781571748403,0.44372175783875895,0.10079220904461875,-0.00472883020441589
0.3753833437095659,-0.7104811290584393,-1.0635382766460078,-0.922948287372473
-1.35962656207807,0.2705913248041792,0.4889023709414942,0.6839357626716269
-1.2967357666742074,-1.1144521394724587,-1.0635382766460078,1.1430454912556556
1.0193029985021558,0.386011613493899,-0.48137303380069446,-1.611612880248516
0.7890234107843216,1.3093739230116577,-0.8694831956975699,0.45438089837961265
-1.7816224146454602,-0.24879997429956002,-1.4516484385428832,0.45438089837961265
-1.109653468357862,1.078533345632218,1.6532328566321206,0.6839357626716269
0.41143069082972694,-1.2298724281621785,-0.8694831956975699,-1.3820580159565015
-0.2632815457441427,0.9054029125976383,0.8770125328383697,-0.46383855878844443
-1.6756873975843023,1.2516637786667977,-1.4516484385428832,-0.23428369449643016
-0.2458841152937885,0.03975074742473954,1.4591777756836828,-0.00472883020441589
0.5668530880136737,0.9631130569424982,-1.6457035194913208,1.1430454912556556
0.28884856698723876,1.3670840673565174,-0.8694831956975699,1.1430454912556556
-0.0536103798642897,-0.47964055167899966,0.2948472899930565,0.22482603408759838
-0.6825762461404484,-1.1144521394724587,0.10079220904461875,1.602155219839684
-0.5569672942176759,-0.9990318507827389,0.682957451889932,1.3726003555476698
0.6316487171907413,0.7899826239079184,-0.6754281147491322,0.9134906269636413
0.6428154689535222,-0.30651011864441996,1.6532328566321206,-0.00472883020441589
1.0408425749330075,-0.24879997429956002,0.682957451889932,0.45438089837961265
0.3268033307269107,1.136243489977078,-0.8694831956975699,-0.00472883020441589
-0.09648918432059968,1.2516637786667977,1.6532328566321206,-0.46383855878844443
1.8585900955325318,-0.5950608403687195,1.4591777756836828,0.45438089837961265
0.25542732686978803,-1.4607130055416182,-0.48137303380069446,-1.3820580159565015
-0.7754667995810008,-1.5184231498864782,-0.2873179528522567,0.45438089837961265
-0.9720133334073816,-1.1721622838173187,0.10079220904461875,-1.611612880248516
0.09235779227357742,0.32830146914903907,-0.2873179528522567,-0.23428369449643016
0.11235576587384527,0.5591420465284788,1.0710676137868074,0.6839357626716269
1.9976150412945124,-0.8259014177481592,0.4889023709414942,1.1430454912556556
1.2784145346068592,-0.07566954126498028,0.682957451889932,-0.922948287372473
1.2758936823447637,1.078533345632218,0.4889023709414942,1.3726003555476698
-0.6831297813335124,-0.30651011864441996,-0.48137303380069446,-0.6933934230804587
-0.9720204789406672,1.3093739230116577,-1.2575933575944453,0.22482603408759838
-1.8143578587060696,0.5014319021836189,1.6532328566321206,1.3726003555476698
1.1065231271240914,0.5591420465284788,-0.48137303380069446,-0.922948287372473
0.6881936956483253,0.8476927682527783,-0.09326287190381899,-0.46383855878844443
0.3061192682703192,-0.24879997429956002,-0.2873179528522567,0.6839357626716269
0.3571256685521865,0.6745623352181985,0.4889023709414942,-1.611612880248516
0.09204941317412586,1.0208232012873582,-0.2873179528522567,1.3726003555476698
0.2852993668234462,0.09746089176959945,1.4591777756836828,-0.23428369449643016
1.9010756679987584,1.2516637786667977,-1.4516484385428832,1.1430454912556556
-0.7265362359411838,0.7899826239079184,1.2651226947352452,1.602155219839684
-0.8849592732660065,1.4825043560462374,-1.6457035194913208,0.6839357626716269
0.8878846540492455,-0.7104811290584393,1.2651226947352452,0.22482603408759838
0.7246870456695803,-0.30651011864441996,0.8770125328383697,-0.00472883020441589
-0.1188401708811883,1.0208232012873582,1.6532328566321206,-0.922948287372473
-0.35437695076488257,1.3670840673565174,-0.09326287190381899,-0.6933934230804587
-0.2554691136613918,-1.5184231498864782,0.8770125328383697,-1.611612880248516
0.8487326409858171,1.4825043560462374,0.2948472899930565,0.6839357626716269
-0.23941018108615095,-0.1333796856098402,1.0710676137868074,1.1430454912556556
-0.05350658852706367,1.4247942117013774,-0.2873179528522567,0.9134906269636413
0.2314367840933676,-0.6527709847135794,0.8770125328383697,1.1430454912556556
-1.0217315316039763,0.386011613493899,-1.6457035194913208,-1.611612880248516
1.0159796587032452,0.32830146914903907,-1.4516484385428832,0.6839357626716269
-1.2583423361436306,0.5591420465284788,1.2651226947352452,-0.00472883020441589
-0.24204707550130083,-0.47964055167899966,-0.48137303380069446,-0.00472883020441589
-0.4569372283440619,-0.7104811290584393,-0.48137303380069446,-0.46383855878844443
0.7310358838205917,0.03975074742473954,0.2948472899930565,0.22482603408759838
-0.35602890911726814,0.5014319021836189,1.2651226947352452,-0.922948287372473
0.6353835806970508,0.9631130569424982,-0.6754281147491322,0.9134906269636413
-0.8160172526970334,1.5979246447359572,1.4591777756836828,-0.23428369449643016
1.0122819072596858,0.09746089176959945,1.2651226947352452,0.9134906269636413
-1.0387844756200841,0.5014319021836189,-0.48137303380069446,1.1430454912556556
-0.8000445154197005,-0.8259014177481592,1.0710676137868074,-0.23428369449643016
-0.4885313145662123,1.078533345632218,-0.6754281147491322,-0.6933934230804587
0.4906437488178453,-1.2875825725070384,-1.6457035194913208,-0.6933934230804587
0.27124014189776763,-0.5950608403687195,-0.09326287190381899,1.602155219839684
0.8037417281627582,-1.4030028611967582,-1.6457035194913208,0.45438089837961265
-1.7343083195956095,-1.3452927168518984,0.682957451889932,-1.611612880248516
-1.1403831110686082,-1.6915535829210577,1.2651226947352452,1.3726003555476698
-0.6245276179654268,0.9631130569424982,-0.48137303380069446,-0.6933934230804587
0.4238884231276529,1.078533345632218,0.682957451889932,0.45438089837961265
0.6266373564244377,0.2705913248041792,-1.4516484385428832,1.3726003555476698
-0.02671277113397929,-0.5373506960238595,1.4591777756836828,0.6839357626716269
-0.1571988288064616,0.7322724795630585,-0.8694831956975699,0.45438089837961265
0.10701052292934456,1.3670840673565174,1.0710676137868074,0.6839357626716269
0.5567196815998211,0.03975074742473954,-1.2575933575944453,-1.1525031516644872
1.362516944723551,0.21288118045931928,-1.2575933575944453,1.602155219839684
-0.3914307350599341,0.44372175783875895,-1.2575933575944453,-0.00472883020441589
0.40330748963647567,-0.9990318507827389,0.4889023709414942,1.602155219839684
0.4018632040280605,-0.47964055167899966,-0.2873179528522567,1.602155219839684
1.2797608252020698,1.5402145003910972,0.682957451889932,-0.46383855878844443
1.0968697374310852,1.078533345632218,1.0710676137868074,0.6839357626716269
0.28641294721889227,-0.36422026298927984,-0.09326287190381899,-0.00472883020441589
-0.6440679633328886,1.4247942117013774,-1.0635382766460078,-1.3820580159565015
-0.31800279532719755,1.3093739230116577,-1.4516484385428832,1.3726003555476698
0.7764037692925101,0.386011613493899,-0.48137303380069446,-0.6933934230804587
-0.35811221745982885,0.2705913248041792,-0.09326287190381899,-0.00472883020441589
0.11254715236945793,-1.2875825725070384,-0.48137303380069446,-0.00472883020441589
0.090200036898197,0.7322724795630585,-0.8694831956975699,-0.6933934230804587
-1.918057200961311,-0.24879997429956002,0.4889023709414942,-0.922948287372473
-0.9680532378331212,0.5014319021836189,-0.09326287190381899,0.9134906269636413
-1.4304830754599644,0.6745623352181985,-0.8694831956975699,0.9134906269636413
0.35920854333663044,-1.2875825725070384,0.2948472899930565,-0.23428369449643016
-0.17631907514266879,1.5979246447359572,-0.2873179528522567,-0.922948287372473
0.32769752341255926,1.5402145003910972,0.8770125328383697,-0.00472883020441589
1.3538325506945526,1.713344933425677,-1.6457035194913208,0.45438089837961265
-0.4677730191433476,-0.1333796856098402,-1.0635382766460078,-0.46383855878844443
-0.05266137646518215,0.7322724795630585,0.682957451889932,1.3726003555476698
0.810258980120069,0.6745623352181985,-1.0635382766460078,0.45438089837961265
0.5737921183711856,-0.30651011864441996,-0.09326287190381899,-1.3820580159565015
1.276068432122506,-0.9413217064378789,-1.4516484385428832,-0.23428369449643016
0.5661629538751214,1.078533345632218,0.8770125328383697,0.6839357626716269
-1.317065399934362,0.2705913248041792,0.10079220904461875,-1.1525031516644872
-0.6017115349352296,0.386011613493899,-0.48137303380069446,1.602155219839684
-1.400283796717126,0.44372175783875895,0.682957451889932,1.1430454912556556
1.910244022021668,-0.36422026298927984,-0.6754281147491322,-0.46383855878844443
0.4846366909291445,0.8476927682527783,-0.09326287190381899,0.45438089837961265
0.49156563788493607,-0.883611562093019,-0.48137303380069446,-0.23428369449643016
-0.7744908149313106,0.44372175783875895,0.682957451889932,-0.46383855878844443
-0.9727920872977508,-0.47964055167899966,-0.8694831956975699,0.22482603408759838
0.8107961631605235,1.136243489977078,-0.2873179528522567,-0.46383855878844443
0.808875673362479,-0.4219304073341398,-1.4516484385428832,1.1430454912556556
-1.0862495339390492,-0.9413217064378789,-1.0635382766460078,0.6839357626716269
1.709074664631478,-0.24879997429956002,-1.0635382766460078,-1.3820580159565015
-0.5099104822322891,1.2516637786667977,-0.09326287190381899,1.3726003555476698
1.4919912000348117,0.8476927682527783,0.4889023709414942,-0.23428369449643016
1.0199088012082689,1.078533345632218,0.10079220904461875,1.3726003555476698
-1.9897367654527216,0.15517103611445937,-0.6754281147491322,-0.6933934230804587
-1.0318851724890188,-1.2298724281621785,0.2948472899930565,-1.3820580159565015
-0.697099647359741,-1.3452927168518984,0.8770125328383697,-0.00472883020441589
0.7004524716410748,0.9631130569424982,-0.2873179528522567,-0.922948287372473
-2.27070260346346,-1.576133294231338,0.2948472899930565,-1.3820580159565015
-0.20712340560166734,-1.2298724281621785,-0.8694831956975699,0.22482603408759838
2.2506233148796104,-0.1333796856098402,1.0710676137868074,0.6839357626716269
-0.8861230624378253,-1.5184231498864782,-0.8694831956975699,0.9134906269636413
-0.8639786108340354,0.7899826239079184,-0.2873179528522567,0.22482603408759838
1.0476687417075647,-1.6915535829210577,0.8770125328383697,-1.3820580159565015
0.5494932591345469,1.0208232012873582,-1.6457035194913208,-1.1525031516644872
0.6104073234359336,0.7322724795630585,0.8770125328383697,0.45438089837961265
-0.6295370805737002,-1.2298724281621785,1.2651226947352452,-0.23428369449643016
0.09754424876477814,0.03975074742473954,1.0710676137868074,-0.46383855878844443
-1.8361549603763234,-0.7104811290584393,-0.09326287190381899,0.45438089837961265
-0.17885411365443493,1.713344933425677,0.8770125328383697,0.22482603408759838
0.7335100380388787,1.713344933425677,-0.2873179528522567,-0.23428369449643016
-0.9640708100330676,-0.8259014177481592,0.4889023709414942,-0.00472883020441589
-0.443513993944698,-1.0567419951275987,-0.6754281147491322,0.22482603408759838
0.297635094161554,-1.1721622838173187,-1.0635382766460078,-1.1525031516644872
0.24027993698183525,1.713344933425677,0.4889023709414942,1.602155219839684
1.2018102874956826,-1.4030028611967582,0.4889023709414942,-1.611612880248516
-0.07325690445683608,1.2516637786667977,-1.6457035194913208,-1.3820580159565015
-0.2308726908908191,0.9054029125976383,-1.4516484385428832,-0.46383855878844443
0.3022773426048903,-1.4607130055416182,1.0710676137868074,1.1430454912556556
0.7759875805202814,-1.1721622838173187,-0.09326287190381899,1.3726003555476698
-0.07510379976936521,1.6556347890808172,-0.2873179528522567,-0.23428369449643016
0.5404077411314436,0.5014319021836189,0.4889023709414942,-0.6933934230804587
1.4818044161227368,1.5402145003910972,0.10079220904461875,-1.3820580159565015
-1.6220778647448564,0.03975074742473954,-0.2873179528522567,-1.3820580159565015
0.48656705136997486,0.9054029125976383,-1.4516484385428832,0.22482603408759838
-0.2518259686712891,0.9631130569424982,0.682957451889932,1.602155219839684
0.11425925737907473,1.4825043560462374,1.4591777756836828,-1.1525031516644872
-0.890916953420885,1.3093739230116577,0.8770125328383697,0.22482603408759838
0.9965196207660547,1.5979246447359572,-1.4516484385428832,-0.6933934230804587
-0.503384197705585,1.078533345632218,1.4591777756836828,-0.23428369449643016
0.5074854170576837,-1.6915535829210577,1.0710676137868074,-0.6933934230804587
0.4251432579624823,0.15517103611445937,0.682957451889932,1.3726003555476698
-2.460578322914778,1.1939536343219377,-0.6754281147491322,1.3726003555476698
-1.1577627145027245,1.5979246447359572,-0.09326287190381899,-0.00472883020441589
-1.1094512402206562,0.5591420465284788,-1.2575933575944453,1.3726003555476698
0.39190092334390964,-1.4607130055416182,-0.6754281147491322,1.1430454912556556
0.5176088129734538,1.3093739230116577,-1.0635382766460078,0.9134906269636413
0.6697149216154556,-1.2875825725070384,-1.6457035194913208,1.1430454912556556
0.7274074450443573,-0.6527709847135794,-1.4516484385428832,1.1430454912556556
-3.030566454814739,0.09746089176959945,1.0710676137868074,-0.46383855878844443
-1.0527858913765218,1.5402145003910972,-0.48137303380069446,0.9134906269636413
1.6421574811666957,-1.5184231498864782,1.6532328566321206,-0.922948287372473
0.13068501405509267,1.5979246447359572,0.2948472899930565,1.1430454912556556
0.7681398194105828,0.7322724795630585,1.6532328566321206,0.9134906269636413
1.17637398244229,0.386011613493899,0.4889023709414942,-0.23428369449643016
-1.9069607218932663,0.5591420465284788,-0.09326287190381899,0.6839357626716269
-1.914693717172495,1.4825043560462374,-1.4516484385428832,1.3726003555476698
-1.6542234759414787,0.5591420465284788,-0.6754281147491322,0.9134906269636413
0.9592947749902685,1.4247942117013774,1.0710676137868074,0.22482603408759838
-1.1957431315162435,-0.7104811290584393,1.6532328566321206,-1.3820580159565015
0.7053894419029305,-0.07566954126498028,0.10079220904461875,0.45438089837961265
0.19868525946753188,-0.883611562093019,-0.8694831956975699,-0.23428369449643016
-1.3214151925650068,0.5591420465284788,0.10079220904461875,-0.00472883020441589
-1.8881921816400813,1.4825043560462374,-0.09326287190381899,-0.23428369449643016
-0.9066185784696339,-0.017959396920120375,-1.2575933575944453,-1.3820580159565015
0.18385758016702086,-1.5184231498864782,-0.09326287190381899,-0.6933934230804587
-0.24753740563258245,-0.7681912734032992,0.4889023709414942,0.22482603408759838
-0.7834761936816264,1.3670840673565174,0.2948472899930565,1.1430454912556556
0.1689632029848742,0.7322724795630585,1.0710676137868074,1.1430454912556556
-1.6625865874740524,1.6556347890808172,-1.6457035194913208,1.602155219839684
0.3484339277916248,-1.5184231498864782,0.10079220904461875,-0.922948287372473
-0.8554089706444026,0.21288118045931928,-1.2575933575944453,-1.611612880248516
0.06908063543640966,-1.576133294231338,-1.4516484385428832,-0.922948287372473
1.751346359989009,1.5979246447359572,0.10079220904461875,-0.6933934230804587
-0.370025617371968,0.7899826239079184,-1.2575933575944453,1.1430454912556556
-0.9472442670503036,-1.576133294231338,-1.0635382766460078,0.6839357626716269
1.4199280424374692,0.9631130569424982,1.6532328566321206,-0.00472883020441589
0.8227079912225194,1.6556347890808172,-1.4516484385428832,-0.00472883020441589
0.15111555859041237,0.6168521908733386,1.4591777756836828,-0.00472883020441589
1.125245513808127,-1.576133294231338,-0.6754281147491322,-0.00472883020441589
-0.38949484911145676,0.09746089176959945,0.4889023709414942,1.602155219839684
1.442547653980081,-1.2298724281621785,-0.48137303380069446,-1.611612880248516
-0.009316872333639143,1.3670840673565174,-1.4516484385428832,0.9134906269636413
0.061058689154327876,-1.1721622838173187,-0.2873179528522567,-1.1525031516644872
0.31736057310039345,0.7322724795630585,1.4591777756836828,-1.611612880248516
-1.8496731333658842,-1.4607130055416182,0.682957451889932,-1.1525031516644872
-0.8698072804992135,-1.6915535829210577,-0.6754281147491322,-1.611612880248516
-2.6779203926931054,-1.576133294231338,1.0710676137868074,-1.3820580159565015
0.12340860346306627,0.8476927682527783,-0.2873179528522567,1.3726003555476698
-0.4305863449718128,1.2516637786667977,-1.0635382766460078,-1.611612880248516
-0.5266197667953003,-0.47964055167899966,1.0710676137868074,-1.1525031516644872
-0.4985473180254932,-0.883611562093019,0.8770125328383697,0.22482603408759838
0.5043975943563461,-0.883611562093019,0.10079220904461875,-1.611612880248516
0.27041070368719355,0.6168521908733386,0.4889023709414942,-0.6933934230804587
-2.298456836938477,1.713344933425677,-0.2873179528522567,-1.611612880248516
-0.31254807727744033,-0.5373506960238595,0.2948472899930565,0.9134906269636413
1.5147019524359164,1.5402145003910972,0.682957451889932,1.602155219839684
-0.4010309216384371,-0.017959396920120375,-0.09326287190381899,-1.1525031516644872
-0.11148065645923781,0.5591420465284788,0.682957451889932,-1.3820580159565015
0.11924932246745068,1.4247942117013774,0.8770125328383697,1.1430454912556556
0.6106729604638075,-0.1910898299547001,-0.8694831956975699,-0.00472883020441589
-0.47215488998037447,0.7322724795630585,1.0710676137868074,-0.922948287372473
-0.46996306453234465,-0.30651011864441996,0.682957451889932,-0.922948287372473
-0.3730116281280794,-1.576133294231338,-0.2873179528522567,-0.46383855878844443
0.5367059328223374,-1.6915535829210577,0.4889023709414942,0.45438089837961265
2.0927886512311638,-0.07566954126498028,-0.2873179528522567,1.602155219839684
0.31578107926994675,0.44372175783875895,-0.48137303380069446,-0.00472883020441589
1.052965294296588,0.32830146914903907,0.2948472899930565,0.45438089837961265
1.587291498643872,1.2516637786667977,-0.48137303380069446,-0.46383855878844443
0.49472914486488184,1.3670840673565174,-1.2575933575944453,-0.6933934230804587
1.1595751142008406,0.5014319021836189,-0.2873179528522567,-1.3820580159565015
1.7039689894859824,-0.47964055167899966,1.4591777756836828,-1.611612880248516
-0.8464841287081287,1.0208232012873582,-1.2575933575944453,0.6839357626716269
-0.08525215955998537,0.03975074742473954,-0.2873179528522567,0.6839357626716269
-1.917474121532772,-1.6915535829210577,0.10079220904461875,-0.922948287372473
0.9557555278814361,-1.3452927168518984,-1.4516484385428832,-1.1525031516644872
0.32753592243116875,0.09746089176959945,0.8770125328383697,1.602155219839684
0.6606720762511351,-1.4030028611967582,-1.2575933575944453,-0.46383855878844443
0.2764858424553309,1.2516637786667977,0.682957451889932,-0.46383855878844443
-0.9997818054790707,-1.633843438576198,-1.2575933575944453,0.9134906269636413
-0.5966640423627694,1.6556347890808172,-0.6754281147491322,-0.922948287372473
-1.1308378398151078,-0.47964055167899966,-0.48137303380069446,0.45438089837961265
0.14562806150959579,-1.6915535829210577,-1.4516484385428832,-0.23428369449643016
0.22816897420849722,0.6745623352181985,-0.8694831956975699,1.1430454912556556
0.31303859723038535,1.6556347890808172,0.682957451889932,0.6839357626716269
-1.6598212779516754,-1.4030028611967582,-1.4516484385428832,0.22482603408759838
1.3218383140659362,0.03975074742473954,1.6532328566321206,-1.3820580159565015
0.6501950650427647,1.3670840673565174,-1.2575933575944453,0.9134906269636413
1.0695622468461907,-0.5373506960238595,-0.6754281147491322,0.22482603408759838
0.6278491228920273,-1.1144521394724587,0.4889023709414942,-1.3820580159565015
1.584937091154756,-0.7104811290584393,-1.6457035194913208,1.602155219839684
0.03147547290084524,-0.07566954126498028,-0.8694831956975699,1.1430454912556556
0.19078453886260965,0.386011613493899,1.4591777756836828,-0.6933934230804587
-0.6130048149645815,-0.36422026298927984,0.2948472899930565,1.1430454912556556
0.5226861213692163,1.0208232012873582,0.10079220904461875,-0.922948287372473
-0.974212598167128,0.09746089176959945,1.4591777756836828,1.1430454912556556
-0.07770171811331444,-0.24879997429956002,1.6532328566321206,-1.3820580159565015
-0.3662879693826972,-0.30651011864441996,-1.6457035194913208,-0.00472883020441589
1.9551824253275787,-0.7681912734032992,-1.6457035194913208,-0.6933934230804587
-0.03337789291568923,0.7322724795630585,-0.6754281147491322,-0.6933934230804587
-1.4807211457156388,0.8476927682527783,1.2651226947352452,-0.46383855878844443
0.22096649740666666,1.5979246447359572,-1.6457035194913208,1.1430454912556556
0.332351952903604,1.136243489977078,1.0710676137868074,1.3726003555476698
0.5785648395884093,0.5591420465284788,1.0710676137868074,-1.1525031516644872
-0.7571244903814331,-0.36422026298927984,-1.2575933575944453,-1.3820580159565015
1.7856595917165856,-0.5373506960238595,1.6532328566321206,-0.6933934230804587
0.8111887061674953,0.5591420465284788,-1.6457035194913208,-0.00472883020441589
-0.5104160373545115,-0.4219304073341398,-1.4516484385428832,-0.6933934230804587
-0.3536881589950618,1.5402145003910972,0.8770125328383697,1.602155219839684
0.051753613739491826,-1.4607130055416182,-0.8694831956975699,-1.611612880248516
0.18832102268724904,0.09746089176959945,0.8770125328383697,-0.00472883020441589
2.3340670496585503,0.15517103611445937,-0.8694831956975699,-1.3820580159565015
0.00013894606761248105,-0.7104811290584393,1.4591777756836828,1.602155219839684
-0.9086470261407571,0.9054029125976383,1.4591777756836828,-0.6933934230804587
0.05866331746821198,1.3093739230116577,-1.6457035194913208,-0.6933934230804587
0.23145646068973638,-0.017959396920120375,1.2651226947352452,-1.611612880248516
1.2675979215544304,-0.07566954126498028,-0.48137303380069446,1.602155219839684
0.5116644651381397,0.44372175783875895,-0.48137303380069446,-1.3820580159565015
0.9328175683186412,-1.2875825725070384,0.8770125328383697,0.9134906269636413
-0.0488349542978351,1.1939536343219377,1.0710676137868074,-1.1525031516644872
0.5542637599137056,1.3093739230116577,0.8770125328383697,-1.1525031516644872
0.44799812934145683,-1.1721622838173187,1.4591777756836828,-0.922948287372473
-0.39970853077908,0.7899826239079184,-0.2873179528522567,1.1430454912556556
0.6677619106608745,-0.6527709847135794,0.4889023709414942,0.45438089837961265
0.12936088078201938,-0.7104811290584393,0.4889023709414942,0.6839357626716269
0.9392370297315717,1.3670840673565174,-1.0635382766460078,-1.611612880248516
-0.1421127842643248,-1.2875825725070384,0.4889023709414942,1.3726003555476698
-1.148657213895139,-1.4030028611967582,-0.2873179528522567,-0.6933934230804587
-0.3575019778482403,-1.1721622838173187,-0.09326287190381899,-1.3820580159565015
0.15900042158058295,-0.8259014177481592,-0.09326287190381899,1.602155219839684
-0.04585702629409203,-0.1910898299547001,1.4591777756836828,-0.00472883020441589
1.2997955135470634,-0.07566954126498028,-0.48137303380069446,-0.00472883020441589
-0.926406069696517,-0.017959396920120375,-0.8694831956975699,1.3726003555476698
0.6430282947232829,-0.017959396920120375,-1.0635382766460078,0.22482603408759838
-0.2652546485334921,-0.883611562093019,-0.6754281147491322,1.3726003555476698
-1.997941256527367,-0.4219304073341398,0.10079220904461875,0.6839357626716269
-1.415782199595046,-0.1910898299547001,1.4591777756836828,0.45438089837961265
0.5257394358270582,-0.9990318507827389,-0.8694831956975699,0.9134906269636413
2.452776784361786,1.2516637786667977,0.2948472899930565,1.1430454912556556
-1.382442051174752,-1.4607130055416182,-1.6457035194913208,0.9134906269636413
1.2510456376283294,-0.30651011864441996,0.8770125328383697,1.3726003555476698
-1.3587312494308705,-0.6527709847135794,0.682957451889932,-1.611612880248516
-0.8179623699519141,-0.47964055167899966,-0.2873179528522567,1.602155219839684
1.1769987483915922,-0.9990318507827389,1.4591777756836828,0.6839357626716269
-0.6765339225980812,-0.9990318507827389,-0.6754281147491322,1.602155219839684
0.7180973965499566,0.03975074742473954,0.10079220904461875,-1.1525031516644872
1.044072837483909,0.5014319021836189,-1.0635382766460078,1.1430454912556556
-0.8140955970312004,-1.4607130055416182,-0.8694831956975699,-1.1525031516644872
1.858209285572398,1.4825043560462374,-1.6457035194913208,-1.611612880248516
-0.17885171544682685,0.2705913248041792,1.4591777756836828,1.602155219839684
-0.37400088075309235,1.2516637786667977,-0.6754281147491322,-0.00472883020441589
-0.25663506174227996,-0.1910898299547001,1.4591777756836828,-0.46383855878844443
-0.04365243797930776,-0.5950608403687195,-0.8694831956975699,-0.922948287372473
-0.3359380020617567,-1.633843438576198,-0.2873179528522567,-0.00472883020441589
0.2862372105718262,1.5979246447359572,-0.2873179528522567,-0.46383855878844443
1.416140429785389,0.386011613493899,0.10079220904461875,0.9134906269636413
0.8283421437016465,1.136243489977078,1.0710676137868074,-1.1525031516644872
-2.319858653518809,-0.07566954126498028,1.2651226947352452,-0.23428369449643016
-0.03284705214409129,-1.6915535829210577,-0.8694831956975699,-0.922948287372473
0.050137204534714624,-0.36422026298927984,0.4889023709414942,1.1430454912556556
0.6585264362995009,-0.36422026298927984,1.4591777756836828,1.3726003555476698
-0.15470693533881824,-0.24879997429956002,0.2948472899930565,-0.922948287372473
1.1568224053980187,-0.24879997429956002,0.10079220904461875,1.1430454912556556
-0.6467575372475173,-0.9413217064378789,0.8770125328383697,-1.611612880248516
-0.12178208162458096,-0.9413217064378789,-1.6457035194913208,0.9134906269636413
-0.6458694442824314,0.32830146914903907,0.8770125328383697,-0.46383855878844443
-1.3798734211055037,-0.9413217064378789,-1.4516484385428832,-0.00472883020441589
-1.4744395760745195,-0.24879997429956002,1.2651226947352452,1.602155219839684
0.37801243410454716,-0.9990318507827389,0.10079220904461875,-1.3820580159565015
1.2134688089647734,-1.576133294231338,-1.6457035194913208,-0.00472883020441589
0.5891871981090038,-1.2875825725070384,-0.8694831956975699,-0.46383855878844443
-1.2331516154960274,0.44372175783875895,-1.6457035194913208,0.45438089837961265
0.9275774736620644,0.5014319021836189,1.0710676137868074,-0.46383855878844443
-0.0315860692432885,0.2705913248041792,0.8770125328383697,-0.46383855878844443
-0.7849933486386809,-1.6915535829210577,-0.6754281147491322,-1.611612880248516
-0.9089284154133124,-0.8259014177481592,0.4889023709414942,0.9134906269636413
0.25522302125712426,-0.1333796856098402,-0.09326287190381899,1.1430454912556556
-0.8202609991059333,0.9631130569424982,-0.48137303380069446,-0.46383855878844443
-0.5079956044802022,-1.633843438576198,1.2651226947352452,-0.6933934230804587
-1.8114242870845931,0.03975074742473954,-1.0635382766460078,0.45438089837961265
-0.9942682356700372,-0.36422026298927984,-0.8694831956975699,-0.922948287372473
0.7964063903647506,1.6556347890808172,1.4591777756836828,-0.6933934230804587
-1.1487633756348425,-1.4030028611967582,-1.0635382766460078,1.1430454912556556
-0.20407364676224155,-1.2875825725070384,1.0710676137868074,0.9134906269636413
-0.40995928171660373,0.9054029125976383,1.0710676137868074,0.6839357626716269
0.02628454840426405,0.03975074742473954,-0.6754281147491322,-1.1525031516644872
1.7888753761741014,-1.5184231498864782,-1.6457035194913208,1.3726003555476698
0.4866496933835363,1.4247942117013774,-0.48137303380069446,-0.6933934230804587
-0.10196699558460486,0.6168521908733386,-1.2575933575944453,0.45438089837961265
-0.6645569518637571,0.6168521908733386,0.682957451889932,0.45438089837961265
0.35600973456918056,0.5014319021836189,-1.6457035194913208,-1.1525031516644872
0.20745775821449203,1.1939536343219377,0.8770125328383697,0.6839357626716269
-0.7750106776102851,1.0208232012873582,-1.6457035194913208,-1.3820580159565015
0.5835113412246475,0.5591420465284788,0.10079220904461875,1.3726003555476698
0.845352834031648,0.2705913248041792,1.0710676137868074,-0.46383855878844443
1.4571740532027868,0.15517103611445937,1.2651226947352452,0.22482603408759838
1.0804104925989357,-0.1910898299547001,-1.6457035194913208,-0.6933934230804587
-0.2981648950891269,-0.9413217064378789,-0.8694831956975699,0.45438089837961265
1.3472922685531836,1.1939536343219377,0.682957451889932,-0.6933934230804587
-0.359664208698595,-0.1910898299547001,1.0710676137868074,-0.23428369449643016
-0.3810996733995737,0.7899826239079184,0.10079220904461875,-0.922948287372473
-0.883845559634469,1.5402145003910972,-0.09326287190381899,-1.611612880248516
0.36646107698208724,0.386011613493899,0.2948472899930565,1.1430454912556556
-0.7450125055320141,-0.30651011864441996,-0.09326287190381899,0.9134906269636413
-0.8325864291282288,1.6556347890808172,1.4591777756836828,-0.00472883020441589
-2.131349948750727,0.09746089176959945,-0.48137303380069446,-1.611612880248516
1.5895210602479837,0.9631130569424982,-0.09326287190381899,-0.6933934230804587
0.6407344789261227,-0.8259014177481592,1.2651226947352452,0.22482603408759838
0.8066978501226181,-0.4219304073341398,0.10079220904461875,-0.6933934230804587
0.9633406847553615,0.03975074742473954,-0.48137303380069446,-1.611612880248516
-1.808296121535593,-1.4607130055416182,0.10079220904461875,-1.611612880248516
0.7145759859505301,-0.7104811290584393,-0.09326287190381899,0.45438089837961265
-0.10093693827467573,-0.24879997429956002,-0.8694831956975699,-0.922948287372473
0.7254699049144208,-0.9990318507827389,1.6532328566321206,-0.922948287372473
0.44749461498533294,-0.9413217064378789,1.6532328566321206,-1.611612880248516
0.06612656477373863,-1.1721622838173187,-1.6457035194913208,0.45438089837961265
0.34822400168905987,1.3670840673565174,1.0710676137868074,1.3726003555476698
0.3625029348611874,-0.1910898299547001,-0.2873179528522567,0.45438089837961265
0.8315825681071832,-0.36422026298927984,1.4591777756836828,1.602155219839684
0.9106854063827587,-1.0567419951275987,-1.2575933575944453,1.1430454912556556
-0.9027777035740869,-0.07566954126498028,0.2948472899930565,1.1430454912556556
-3.029668296026981,1.4247942117013774,1.2651226947352452,1.3726003555476698
1.2806198049342776,1.4247942117013774,1.4591777756836828,0.9134906269636413
-0.5210841899789028,0.5591420465284788,-0.2873179528522567,-0.00472883020441589
1.6904617087084701,-0.5373506960238595,-1.6457035194913208,-1.3820580159565015
-1.5139793554561527,-0.883611562093019,1.0710676137868074,-1.3820580159565015
-0.159150482709285,-0.1333796856098402,-1.0635382766460078,-1.1525031516644872
-0.790122064445914,-0.24879997429956002,-1.0635382766460078,-1.1525031516644872
0.055900678703862894,-0.7681912734032992,1.2651226947352452,0.45438089837961265
-0.07483694950155495,1.0208232012873582,-0.2873179528522567,-1.611612880248516
-0.5361643041449278,0.44372175783875895,-0.09326287190381899,-1.3820580159565015
-1.6250317601819864,-0.4219304073341398,1.6532328566321206,0.22482603408759838
-1.0580574485113436,-0.7104811290584393,-1.6457035194913208,0.6839357626716269
-0.039513170168089376,0.5014319021836189,1.2651226947352452,-0.00472883020441589
1.1092374845854045,-0.47964055167899966,-0.8694831956975699,0.9134906269636413
-0.9118564371840012,-0.1910898299547001,-0.48137303380069446,1.3726003555476698
-1.0566745142924276,-1.576133294231338,0.682957451889932,-0.23428369449643016
-0.7525615375074415,-1.5184231498864782,-0.09326287190381899,0.45438089837961265
-1.321231387353783,-0.017959396920120375,0.10079220904461875,-1.3820580159565015
1.2160399849361474,0.09746089176959945,-0.6754281147491322,1.602155219839684
1.352936566097489,0.2705913248041792,0.682957451889932,-1.611612880248516
0.5995043841353297,0.21288118045931928,-1.2575933575944453,1.3726003555476698
1.0013848007100576,-1.576133294231338,-1.0635382766460078,0.45438089837961265
0.7089539901888734,-0.017959396920120375,1.6532328566321206,0.6839357626716269
0.06298288306829708,1.078533345632218,-1.0635382766460078,0.22482603408759838
0.6487624327935891,-0.9413217064378789,0.4889023709414942,1.3726003555476698
-0.5341294677787791,-0.5950608403687195,1.2651226947352452,1.3726003555476698
1.7615054299508428,1.1939536343219377,-0.6754281147491322,0.22482603408759838
-0.6033290373794569,0.5591420465284788,0.4889023709414942,-0.922948287372473
0.02840194676497764,-1.1144521394724587,-1.2575933575944453,-1.611612880248516
0.1732590901485441,-0.7681912734032992,-0.48137303380069446,-0.46383855878844443
0.13730810720508907,0.03975074742473954,-0.48137303380069446,-0.23428369449643016
-0.5298982523050628,-0.30651011864441996,-0.2873179528522567,-0.6933934230804587
-0.5229197573629208,1.1939536343219377,-1.2575933575944453,-1.611612880248516
0.1581493571208495,0.9631130569424982,-0.6754281147491322,-0.23428369449643016
-1.9291878020066788,0.7322724795630585,-0.09326287190381899,1.602155219839684
0.6543489378349209,0.09746089176959945,-1.2575933575944453,0.45438089837961265
-0.1686074494338943,-0.30651011864441996,-1.4516484385428832,1.602155219839684
-0.25332246602199676,0.5014319021836189,0.682957451889932,-1.1525031516644872
0.5852692142113038,0.09746089176959945,0.10079220904461875,-1.3820580159565015
-0.07921980577032543,0.44372175783875895,-1.2575933575944453,0.22482603408759838
0.35892609820681465,-1.6915535829210577,-1.0635382766460078,-0.23428369449643016
-0.19018857301703354,-1.5184231498864782,-0.48137303380069446,0.6839357626716269
0.9609787764500648,0.03975074742473954,1.4591777756836828,-0.46383855878844443
0.011854089914865999,0.5591420465284788,-1.6457035194913208,1.1430454912556556
-1.526178616768314,-1.633843438576198,0.8770125328383697,1.3726003555476698
-0.29948353998791505,-1.576133294231338,1.4591777756836828,1.3726003555476698
-0.5356416429668643,-0.8259014177481592,0.2948472899930565,1.1430454912556556
-0.5751357139995085,-1.6915535829210577,-1.4516484385428832,0.45438089837961265
-0.2577294315710606,0.5591420465284788,-0.2873179528522567,1.3726003555476698
0.3243466284915643,-1.2298724281621785,0.682957451889932,0.9134906269636413
-2.305186444504736,-1.576133294231338,-0.2873179528522567,-1.611612880248516
-1.0065282054448883,-0.07566954126498028,-0.48137303380069446,0.22482603408759838
1.9438892573407143,0.2705913248041792,0.4889023709414942,-0.6933934230804587
-0.8464603802368784,-1.633843438576198,0.10079220904461875,-0.922948287372473
3.254103438314862,-0.7104811290584393,-1.6457035194913208,-0.6933934230804587
0.11953744775240699,-0.47964055167899966,-0.09326287190381899,-0.00472883020441589
0.6159114562673241,-1.1144521394724587,1.0710676137868074,-1.1525031516644872
-1.0977230005848564,0.2705913248041792,-0.48137303380069446,-1.611612880248516
0.7987892088653982,-0.36422026298927984,-0.48137303380069446,0.45438089837961265
-0.0550204885544096,-1.633843438576198,0.682957451889932,0.22482603408759838
0.20531314044493068,-1.4607130055416182,-0.48137303380069446,-0.46383855878844443
1.4153705192557962,1.4825043560462374,0.10079220904461875,-1.1525031516644872
-0.536370038402167,0.9054029125976383,0.10079220904461875,1.3726003555476698
-1.4031627110757325,0.5014319021836189,-1.6457035194913208,0.45438089837961265
0.20052810524091558,-1.0567419951275987,-0.8694831956975699,-0.23428369449643016
0.5271548103780279,-0.5373506960238595,-1.6457035194913208,0.6839357626716269
1.2033542974920226,-0.47964055167899966,1.2651226947352452,0.22482603408759838
0.44160527851456377,-0.9413217064378789,-0.6754281147491322,1.3726003555476698
0.11232819131471185,0.6168521908733386,-0.8694831956975699,0.45438089837961265
-1.0331360131119685,0.8476927682527783,1.2651226947352452,-1.611612880248516
0.8375075250762885,1.5402145003910972,-1.6457035194913208,1.1430454912556556
-0.5988340305748628,-1.4030028611967582,1.6532328566321206,0.6839357626716269
1.6510709802501486,0.5014319021836189,-0.6754281147491322,1.3726003555476698
-1.29918145065153,-0.017959396920120375,1.4591777756836828,-0.6933934230804587
1.3346282750760707,-0.8259014177481592,1.4591777756836828,-0.00472883020441589
0.1697015993840634,-0.4219304073341398,-0.09326287190381899,1.602155219839684
0.21566392505816095,0.7322724795630585,-1.4516484385428832,-0.6933934230804587
-0.8729284463517727,1.4825043560462374,-1.2575933575944453,-1.1525031516644872
-1.283208621233789,0.7322724795630585,1.4591777756836828,-0.922948287372473
0.36495807282020554,-1.6915535829210577,0.682957451889932,1.1430454912556556
0.13613506116714622,0.09746089176959945,0.682957451889932,0.45438089837961265
1.0144484172354091,-0.9990318507827389,0.682957451889932,-1.1525031516644872
1.987344763204838,-0.1333796856098402,-0.48137303380069446,1.602155219839684
-0.5781486640481452,-0.7681912734032992,1.0710676137868074,1.1430454912556556
-0.015287798356081626,-0.47964055167899966,-1.0635382766460078,-1.611612880248516
0.0924003353425753,-0.1910898299547001,-0.8694831956975699,-0.6933934230804587
-0.959783092748057,-0.5373506960238595,-0.48137303380069446,0.22482603408759838
-1.0187640240964146,-0.9413217064378789,-1.0635382766460078,-1.3820580159565015
1.5592724198693435,0.5591420465284788,0.10079220904461875,0.6839357626716269
1.94203321296601,-1.2875825725070384,0.2948472899930565,-0.23428369449643016
-0.7200821142461418,0.5591420465284788,0.8770125328383697,0.9134906269636413
0.2774228211554687,-0.7681912734032992,-0.6754281147491322,0.9134906269636413
-0.19325471109352182,1.713344933425677,-0.8694831956975699,0.22482603408759838
-1.1720589974752191,0.9631130569424982,-0.2873179528522567,-1.611612880248516
0.21478574431093853,-0.4219304073341398,-0.2873179528522567,0.22482603408759838
-1.2430324960622243,0.44372175783875895,-0.48137303380069446,-0.00472883020441589
0.8649470675903148,0.15517103611445937,-0.2873179528522567,1.3726003555476698
-0.9469543632737579,-1.3452927168518984,0.2948472899930565,-0.46383855878844443
-0.3339109610769597,-1.576133294231338,0.10079220904461875,-0.922948287372473
-0.050004539753400905,1.5402145003910972,1.6532328566321206,-0.23428369449643016
-0.9068524275767358,0.2705913248041792,-0.48137303380069446,1.3726003555476698
0.712510668420854,0.9631130569424982,1.6532328566321206,-1.611612880248516
0.30114976553798267,-1.633843438576198,1.0710676137868074,-0.46383855878844443
1.262569848141931,0.32830146914903907,1.6532328566321206,0.45438089837961265
-1.4923695919898647,1.4247942117013774,-1.2575933575944453,-1.3820580159565015
-0.19061854472840972,-1.6915535829210577,1.0710676137868074,-0.6933934230804587
0.5568795504375216,-0.1333796856098402,-0.09326287190381899,-0.6933934230804587
-0.36845357642253784,0.386011613493899,0.2948472899930565,-1.3820580159565015
-0.8523243429103972,1.136243489977078,1.4591777756836828,0.22482603408759838
-0.08783397671731273,-0.24879997429956002,1.6532328566321206,0.45438089837961265
-0.4861105657209984,-0.7104811290584393,-1.4516484385428832,-0.922948287372473
-0.15452569943369002,-1.3452927168518984,0.8770125328383697,-0.922948287372473
-0.5356993082434839,0.09746089176959945,0.682957451889932,1.3726003555476698
0.36557298621875356,-0.9990318507827389,-0.6754281147491322,1.602155219839684
0.5077872525093858,-1.633843438576198,1.6532328566321206,-0.23428369449643016
-1.8431235288181218,-0.5373506960238595,-0.09326287190381899,-1.611612880248516
-1.2507872612276156,0.8476927682527783,-0.2873179528522567,-0.922948287372473
-0.03098381468657034,0.7899826239079184,1.2651226947352452,-0.00472883020441589
-1.1088508309956837,-0.017959396920120375,-1.4516484385428832,0.45438089837961265
0.23983985749806874,0.03975074742473954,0.10079220904461875,0.22482603408759838
0.5071281206951709,0.7322724795630585,0.2948472899930565,-0.00472883020441589
-1.104787221380038,-1.2875825725070384,-0.09326287190381899,0.22482603408759838
-1.3426616503962234,0.9631130569424982,-1.2575933575944453,-0.23428369449643016
0.8107794498442793,-0.6527709847135794,-1.6457035194913208,0.9134906269636413
0.7133405271332983,-1.1144521394724587,-1.2575933575944453,0.45438089837961265
-2.615171082072044,-0.883611562093019,0.8770125328383697,-0.6933934230804587
0.5260841747713436,-0.9413217064378789,-1.0635382766460078,-0.00472883020441589
1.1485117715488804,-0.9990318507827389,1.2651226947352452,0.45438089837961265
0.1332649685068599,-1.6915535829210577,-0.2873179528522567,-0.6933934230804587
1.3266606416637479,-0.5373506960238595,-0.09326287190381899,0.22482603408759838
1.8869645609622052,1.2516637786667977,0.8770125328383697,-0.00472883020441589
-0.2982161071160619,-0.4219304073341398,0.10079220904461875,0.45438089837961265
-0.3157570004848592,-0.7104811290584393,1.6532328566321206,-0.23428369449643016
-0.3130366992952371,1.5979246447359572,-0.2873179528522567,-0.922948287372473
0.01149838274737312,0.7322724795630585,0.682957451889932,-0.23428369449643016
0.16244122733587843,-0.07566954126498028,-1.6457035194913208,-1.611612880248516
0.14843792532802755,0.15517103611445937,-0.8694831956975699,-0.6933934230804587
-0.6535163149410129,-0.7681912734032992,-1.4516484385428832,0.6839357626716269
-0.534914802825257,-0.9413217064378789,1.0710676137868074,-0.23428369449643016
1.5267392699146531,-0.6527709847135794,-0.6754281147491322,0.9134906269636413
-0.7469024748127586,-0.9990318507827389,-0.09326287190381899,1.1430454912556556
-0.6824148644474859,-1.633843438576198,1.0710676137868074,1.3726003555476698
0.5530944423264424,-0.9413217064378789,0.682957451889932,-1.1525031516644872
0.627631477552148,-0.6527709847135794,1.2651226947352452,-0.922948287372473
-0.618255317537606,-0.36422026298927984,0.4889023709414942,-0.23428369449643016
0.19470791020547465,1.5979246447359572,1.4591777756836828,-0.00472883020441589
-0.5810996337563147,0.6168521908733386,0.682957451889932,-1.611612880248516
-0.05013997647142066,-1.633843438576198,-1.0635382766460078,-0.23428369449643016
0.9332206934901374,-1.1144521394724587,1.4591777756836828,-1.1525031516644872
1.060128546322003,-1.4030028611967582,-0.09326287190381899,0.22482603408759838
0.33245707754250564,1.136243489977078,-1.4516484385428832,1.602155219839684
-2.102921010433474,-0.9413217064378789,1.4591777756836828,0.45438089837961265
0.3955794335767254,-1.2875825725070384,0.682957451889932,-1.1525031516644872
0.40674191579717467,-1.2875825725070384,-1.4516484385428832,-0.00472883020441589
1.6527387686151047,-0.5373506960238595,-0.09326287190381899,-0.23428369449643016
-1.600691866699155,0.21288118045931928,0.2948472899930565,1.602155219839684
2.282974654748426,0.32830146914903907,-1.4516484385428832,-0.23428369449643016
0.5897354005555921,-0.7681912734032992,-1.0635382766460078,1.1430454912556556
-0.04208120487259976,1.2516637786667977,1.2651226947352452,-0.922948287372473
0.23562164218459025,1.136243489977078,0.8770125328383697,-0.6933934230804587
0.1380700749980996,1.713344933425677,-0.6754281147491322,0.45438089837961265
-0.7450613738012378,1.3670840673565174,0.4889023709414942,0.9134906269636413
-0.11166464578960182,-0.5950608403687195,0.10079220904461875,0.22482603408759838
0.9241551400351538,1.5979246447359572,-1.6457035194913208,1.602155219839684
0.10761287170636563,1.3670840673565174,1.0710676137868074,-1.1525031516644872
-1.5043730871000651,-0.4219304073341398,-1.4516484385428832,-0.23428369449643016
1.948709563933576,-0.7104811290584393,-0.09326287190381899,0.22482603408759838
0.058886223573101,1.2516637786667977,-1.0635382766460078,-0.922948287372473
-1.0324513864552045,-1.4030028611967582,-0.2873179528522567,-0.922948287372473
0.865741392228818,-0.9990318507827389,-0.48137303380069446,0.6839357626716269
1.9833220881986486,0.03975074742473954,-1.0635382766460078,-0.00472883020441589
0.21674693503369696,1.3093739230116577,0.4889023709414942,-1.611612880248516
1.4182197075911747,-0.7681912734032992,0.8770125328383697,-0.922948287372473
0.30807668018955925,1.1939536343219377,1.0710676137868074,0.22482603408759838
2.0620174436259093,0.09746089176959945,1.6532328566321206,-0.46383855878844443
-1.5365445679976455,-1.3452927168518984,1.2651226947352452,0.22482603408759838
0.6773363882057308,-1.1144521394724587,-1.0635382766460078,1.3726003555476698
0.8372894101010502,-1.576133294231338,0.2948472899930565,-1.3820580159565015
0.4856746791011553,1.5979246447359572,-0.2873179528522567,-0.6933934230804587
-2.0030688238497363,0.8476927682527783,0.682957451889932,-0.00472883020441589
0.1035180284873994,1.078533345632218,1.0710676137868074,1.602155219839684
0.09022991356732196,0.03975074742473954,0.10079220904461875,-0.00472883020441589
1.8898804529955329,-1.576133294231338,-1.2575933575944453,-1.1525031516644872
-1.375241245050984,-0.47964055167899966,-0.8694831956975699,1.3726003555476698
-0.02381744125080836,-1.6915535829210577,-1.2575933575944453,0.22482603408759838
-1.5423398397527115,-1.6915535829210577,0.8770125328383697,1.3726003555476698
-1.416250242942755,-1.6915535829210577,-1.4516484385428832,-0.6933934230804587
-1.6697867932538928,1.0208232012873582,0.682957451889932,-0.922948287372473
-0.32156895575482486,0.9054029125976383,1.2651226947352452,0.45438089837961265
-0.4577390203774229,-1.4030028611967582,-0.2873179528522567,0.22482603408759838
0.5491273537555883,1.4825043560462374,0.10079220904461875,-0.46383855878844443
0.9772662660960059,-0.30651011864441996,0.4889023709414942,-0.00472883020441589
0.7988887711453633,1.713344933425677,0.4889023709414942,-0.46383855878844443
-0.3184914632231415,-0.7681912734032992,0.2948472899930565,-1.611612880248516
-0.512593179364452,-0.07566954126498028,0.682957451889932,-0.922948287372473
-0.5963061169879362,-1.1721622838173187,1.4591777756836828,1.1430454912556556
-1.2681150536686225,-0.6527709847135794,0.10079220904461875,-1.3820580159565015
0.9605760033506624,-1.2875825725070384,0.4889023709414942,1.3726003555476698
-0.19653598366986166,-0.7681912734032992,-0.6754281147491322,-0.6933934230804587
-1.6828090487869505,-0.9990318507827389,-0.8694831956975699,-1.3820580159565015
0.31449828866483936,-0.1333796856098402,1.4591777756836828,0.6839357626716269
0.10550406000453579,0.5591420465284788,-0.48137303380069446,0.6839357626716269
-0.5599493899588044,-0.5950608403687195,1.6532328566321206,-0.922948287372473
1.3360935057093524,0.09746089176959945,-0.6754281147491322,-1.611612880248516
0.5545336007717977,-0.017959396920120375,0.4889023709414942,-0.46383855878844443
-0.935632349806328,0.2705913248041792,-0.8694831956975699,-1.611612880248516
-1.6451434945468257,-0.9413217064378789,1.6532328566321206,-0.23428369449643016
-0.05005974620187932,-1.0567419951275987,-1.0635382766460078,0.45438089837961265
-0.19426907544316194,-1.4607130055416182,-0.2873179528522567,-0.922948287372473
1.2212830873059533,0.09746089176959945,-1.2575933575944453,-1.3820580159565015
-1.3462009621552524,-0.07566954126498028,0.2948472899930565,1.602155219839684
1.8761126662233334,-1.1721622838173187,-0.09326287190381899,-1.1525031516644872
1.7479952175246476,-1.6915535829210577,0.4889023709414942,0.6839357626716269
-0.7300573851918144,-0.7104811290584393,0.2948472899930565,0.45438089837961265
0.971824576129635,0.6745623352181985,-0.09326287190381899,1.1430454912556556
0.6862719747527007,1.6556347890808172,-1.6457035194913208,-1.611612880248516
1.732818053855721,0.5014319021836189,-0.8694831956975699,-0.922948287372473
0.9081675214337123,-0.9990318507827389,-1.2575933575944453,-0.922948287372473
0.7388162435983047,1.2516637786667977,0.8770125328383697,-0.46383855878844443
-1.1658407663613628,-1.3452927168518984,-1.4516484385428832,-0.00472883020441589
-0.881974864055514,1.2516637786667977,0.682957451889932,1.1430454912556556
1.0453557894326173,-0.07566954126498028,1.0710676137868074,-1.3820580159565015
1.3393391233694019,1.1939536343219377,-0.48137303380069446,-1.3820580159565015
-0.05993478319121658,0.5014319021836189,0.8770125328383697,-0.00472883020441589
-1.0385473160138419,-0.1910898299547001,-0.48137303380069446,0.9134906269636413
-0.2597267766277685,0.5014319021836189,1.0710676137868074,-1.1525031516644872
-0.7198988990899096,-0.7104811290584393,1.4591777756836828,1.602155219839684
-0.8490802161267559,-0.883611562093019,-1.6457035194913208,1.3726003555476698
-2.0412676908316723,-0.883611562093019,-1.4516484385428832,1.3726003555476698
-0.06423525461001782,-0.36422026298927984,-1.0635382766460078,-0.922948287372473
-1.939040598910356,-0.4219304073341398,-0.09326287190381899,-0.00472883020441589
-0.45622664188264805,-1.6915535829210577,0.2948472899930565,-1.1525031516644872
0.4525356291484079,-1.1144521394724587,1.2651226947352452,1.602155219839684
0.8233771665176043,-0.9990318507827389,-1.0635382766460078,0.9134906269636413
-1.2545678277157657,-0.017959396920120375,1.0710676137868074,0.45438089837961265
-0.8639708951331002,-0.1333796856098402,0.8770125328383697,1.3726003555476698
0.7003982526332757,-0.5950608403687195,1.2651226947352452,-0.23428369449643016
-0.5002799211640024,0.15517103611445937,0.4889023709414942,0.22482603408759838
0.5311727733178546,-0.8259014177481592,-1.0635382766460078,0.6839357626716269
0.757335657782328,1.078533345632218,-1.6457035194913208,-1.611612880248516
-0.655577632202714,-0.4219304073341398,-1.2575933575944453,-1.611612880248516
-0.4468563906905526,-0.30651011864441996,0.4889023709414942,-1.611612880248516
0.2012988574053026,0.6745623352181985,-1.4516484385428832,-1.1525031516644872
-0.39222449061599685,-1.633843438576198,-0.8694831956975699,-0.23428369449643016
0.566270816602184,-1.4607130055416182,-0.6754281147491322,1.602155219839684
-0.1108399782534817,-1.4607130055416182,0.682957451889932,-1.3820580159565015
-0.44874635641653954,0.21288118045931928,-0.48137303380069446,0.45438089837961265
0.804240667206986,-0.8259014177481592,1.4591777756836828,-1.3820580159565015
0.6792467377830269,-1.0567419951275987,1.2651226947352452,0.45438089837961265
0.9579321677001018,-0.07566954126498028,0.10079220904461875,0.6839357626716269
-0.9459977086177486,1.078533345632218,-0.09326287190381899,0.6839357626716269
-0.42969235519330723,0.03975074742473954,1.4591777756836828,-1.1525031516644872
-0.6890816695699015,0.15517103611445937,-1.4516484385428832,-0.922948287372473
1.203740998495153,-0.4219304073341398,1.0710676137868074,-1.3820580159565015
0.2769553838698333,0.386011613493899,0.8770125328383697,1.602155219839684
0.19513761716585126,-0.8259014177481592,-0.09326287190381899,-0.23428369449643016
-0.6163426692725716,-1.576133294231338,1.6532328566321206,-0.922948287372473
1.410185410673219,-0.5373506960238595,-0.6754281147491322,0.9134906269636413
-0.002788541997466228,-1.4030028611967582,-0.48137303380069446,-0.46383855878844443
-1.881139027533844,-0.30651011864441996,-1.2575933575944453,1.602155219839684
-0.1671160227507687,0.6745623352181985,-1.4516484385428832,-1.611612880248516
0.1578139141242819,0.09746089176959945,-0.48137303380069446,1.602155219839684
0.5046478602978217,1.136243489977078,-1.4516484385428832,-0.922948287372473
-0.36345536439302173,-1.2875825725070384,-1.6457035194913208,-1.611612880248516
-1.6742233654471044,0.9631130569424982,-1.2575933575944453,0.45438089837961265
-0.42110690649761695,-0.30651011864441996,-0.8694831956975699,-0.922948287372473
0.7883393722269249,-1.5184231498864782,1.0710676137868074,1.602155219839684
-0.972630326710568,-1.633843438576198,-0.8694831956975699,1.3726003555476698
0.49668922120189624,0.7322724795630585,0.2948472899930565,0.45438089837961265
0.3935011386382345,0.386011613493899,-1.6457035194913208,0.9134906269636413
-0.3161785723248991,-1.2298724281621785,1.0710676137868074,0.6839357626716269
0.4589220647522241,1.6556347890808172,-1.2575933575944453,-1.1525031516644872
1.6425105599117695,-0.7681912734032992,1.2651226947352452,0.9134906269636413
-0.6496266152704329,-1.3452927168518984,0.682957451889932,-0.00472883020441589
0.9306208932177948,1.5979246447359572,0.2948472899930565,0.22482603408759838
-1.3401117580817359,-0.8259014177481592,-1.0635382766460078,-1.611612880248516
1.2812213143265716,1.713344933425677,0.2948472899930565,-0.46383855878844443
0.831110405715219,0.7322724795630585,0.10079220904461875,1.602155219839684
1.294597824690942,-0.24879997429956002,1.0710676137868074,0.9134906269636413
-0.17394756281852247,-0.30651011864441996,1.0710676137868074,0.45438089837961265
1.060229884302995,-1.5184231498864782,-1.4516484385428832,1.602155219839684
1.1392292850150925,-0.36422026298927984,-0.09326287190381899,-0.00472883020441589
0.5126933273490579,-0.9990318507827389,0.10079220904461875,1.1430454912556556
-0.32079222775408034,0.9054029125976383,-1.0635382766460078,-0.46383855878844443
0.27038397098128353,-0.7681912734032992,0.8770125328383697,1.1430454912556556
-0.18871529237033388,-0.4219304073341398,-1.0635382766460078,0.45438089837961265
0.6531816526325033,-1.6915535829210577,-0.2873179528522567,-1.1525031516644872
-1.3770474658000675,-0.7681912734032992,1.6532328566321206,1.602155219839684
-0.3983391205142882,-0.36422026298927984,1.6532328566321206,1.602155219839684
2.679818823437971,1.078533345632218,-1.6457035194913208,-0.23428369449643016
-1.5337616438911892,-0.30651011864441996,1.6532328566321206,-0.23428369449643016
0.059873619700764526,-0.30651011864441996,-1.4516484385428832,0.22482603408759838
-0.9831434278901394,-0.7104811290584393,-1.0635382766460078,0.45438089837961265
1.1379839028223,-1.5184231498864782,0.8770125328383697,-1.611612880248516
0.5023202716378121,1.5402145003910972,0.2948472899930565,1.602155219839684
-0.9090950312632453,1.4825043560462374,0.4889023709414942,0.9134906269636413
-0.868437685708623,-1.2298724281621785,-0.2873179528522567,-0.23428369449643016
1.8283258717558075,0.21288118045931928,0.4889023709414942,0.45438089837961265
2.4587691224850827,-0.30651011864441996,0.10079220904461875,1.3726003555476698
-0.2426858487425507,-0.5950608403687195,-1.4516484385428832,0.22482603408759838
0.629456104797444,-0.7681912734032992,-1.4516484385428832,-0.23428369449643016
-0.9122943102036917,-0.9413217064378789,-0.8694831956975699,-1.1525031516644872
-1.1099723001435469,-1.1144521394724587,-1.2575933575944453,-0.00472883020441589
0.0022608786141051353,1.713344933425677,-0.48137303380069446,-1.611612880248516
0.09742803783215331,0.44372175783875895,-0.8694831956975699,-1.1525031516644872
-0.07541011470519421,1.5402145003910972,-1.4516484385428832,-0.00472883020441589
0.9928205486844794,1.0208232012873582,-1.0635382766460078,1.1430454912556556
-2.401242816056713,-0.017959396920120375,0.8770125328383697,-0.00472883020441589
-1.5407160319340316,-0.47964055167899966,-1.6457035194913208,-0.6933934230804587
0.08495934726557751,-1.0567419951275987,-1.0635382766460078,-0.23428369449643016
0.9346676558813654,1.4825043560462374,1.4591777756836828,-1.1525031516644872
-0.774916519177778,-0.5950608403687195,-1.6457035194913208,-1.3820580159565015
0.19607327635967428,-1.2298724281621785,1.4591777756836828,-0.6933934230804587
-1.0615990156518225,-1.2875825725070384,-0.6754281147491322,1.3726003555476698
-0.4526370101201091,1.078533345632218,0.682957451889932,1.1430454912556556
-0.938372645836379,1.3670840673565174,1.0710676137868074,1.602155219839684
0.1050366704576894,0.8476927682527783,-1.2575933575944453,0.22482603408759838
-0.047730651879680945,0.6745623352181985,-1.2575933575944453,1.1430454912556556
0.1752320447064337,1.1939536343219377,1.0710676137868074,0.22482603408759838
0.6493946834652761,-1.0567419951275987,-1.6457035194913208,1.602155219839684
0.821689598095879,0.7322724795630585,1.0710676137868074,0.22482603408759838
0.2521597975674451,-0.7681912734032992,0.4889023709414942,-0.46383855878844443
-0.7345998444903071,1.2516637786667977,1.6532328566321206,-0.46383855878844443
-0.4673651517088866,-1.2298724281621785,0.4889023709414942,0.45438089837961265
-0.5484210252886703,0.09746089176959945,-0.2873179528522567,1.3726003555476698
1.4586147832257441,-1.2298724281621785,-0.2873179528522567,-0.00472883020441589
-1.2252160775672765,1.4247942117013774,-1.2575933575944453,-0.6933934230804587
0.34410891091935286,-0.8259014177481592,-1.6457035194913208,-0.6933934230804587
1.9012266906258188,-1.1144521394724587,-0.8694831956975699,1.3726003555476698
0.5705731200502572,1.2516637786667977,1.4591777756836828,1.602155219839684
0.8476179705926702,-0.8259014177481592,-0.6754281147491322,0.45438089837961265
0.4294257847024271,1.0208232012873582,0.8770125328383697,-1.1525031516644872
-0.616236631513616,-1.5184231498864782,-1.6457035194913208,0.6839357626716269
-1.025495579084617,0.8476927682527783,1.6532328566321206,1.1430454912556556
1.219139244043973,0.5591420465284788,-1.2575933575944453,1.1430454912556556
-2.387004884887684,1.1939536343219377,1.4591777756836828,-0.46383855878844443
0.204997786903353,-0.6527709847135794,1.0710676137868074,-1.1525031516644872
-0.3106641981550893,0.09746089176959945,-0.09326287190381899,0.6839357626716269
-0.6429748642885535,0.6745623352181985,-1.4516484385428832,-1.611612880248516
0.34179398291861884,-0.1333796856098402,-0.2873179528522567,1.1430454912556556
-0.023541661491364205,1.1939536343219377,1.0710676137868074,1.1430454912556556
-1.002995787597741,0.7899826239079184,-0.6754281147491322,0.9134906269636413
-0.20839726750088733,0.5591420465284788,0.10079220904461875,-1.3820580159565015
-2.461576566327009,-1.4607130055416182,-0.48137303380069446,1.602155219839684
-0.18232188083267,-0.36422026298927984,1.4591777756836828,-0.46383855878844443
1.871183818326667,0.44372175783875895,-0.09326287190381899,-0.23428369449643016
0.4711468948321736,-1.5184231498864782,1.0710676137868074,-0.922948287372473
-0.6731651299065451,-1.1144521394724587,0.4889023709414942,1.602155219839684
-0.9980702123799108,0.7322724795630585,-1.4516484385428832,0.6839357626716269
0.5233221178972861,-0.7681912734032992,1.6532328566321206,-1.611612880248516
-0.9308097721406539,1.6556347890808172,-0.6754281147491322,-0.6933934230804587
-0.9373973589403619,-1.1721622838173187,-0.09326287190381899,1.1430454912556556
0.6731967354731581,-1.4607130055416182,-1.0635382766460078,0.6839357626716269
-1.6610664736507208,0.09746089176959945,1.0710676137868074,-1.3820580159565015
-0.3547023529669389,0.386011613493899,1.4591777756836828,0.45438089837961265
0.28246334481749025,-1.1721622838173187,0.10079220904461875,0.22482603408759838
0.758165766547523,0.15517103611445937,0.2948472899930565,0.9134906269636413
-0.7224331345002957,-1.0567419951275987,-1.0635382766460078,-0.23428369449643016
0.4667782165237177,0.9054029125976383,0.682957451889932,-0.46383855878844443
2.133547603408205,1.5402145003910972,0.2948472899930565,-0.00472883020441589
0.474593326506578,-0.24879997429956002,-0.6754281147491322,0.22482603408759838
-0.8855015967447928,-0.5373506960238595,-1.0635382766460078,1.3726003555476698
0.2806846849374874,1.3093739230116577,0.8770125328383697,1.1430454912556556
-1.6134873058444732,0.09746089176959945,1.0710676137868074,1.1430454912556556
-0.25398487511918155,1.713344933425677,0.10079220904461875,1.3726003555476698
-0.13193695534103259,1.3670840673565174,-0.8694831956975699,0.45438089837961265
0.17753031098564492,-0.4219304073341398,0.2948472899930565,-0.23428369449643016
-1.000794050815487,-1.4030028611967582,-0.2873179528522567,1.1430454912556556
-0.1682054948749181,0.2705913248041792,0.682957451889932,-1.611612880248516
-0.941197057338425,-1.0567419951275987,-0.8694831956975699,1.1430454912556556
-1.270409949934629,-0.1910898299547001,-1.2575933575944453,0.9134906269636413
0.6839874797225731,0.9054029125976383,0.8770125328383697,-0.00472883020441589
0.015264685995984531,-0.5950608403687195,1.6532328566321206,-1.3820580159565015
-0.3396035006438661,-0.1333796856098402,0.2948472899930565,1.1430454912556556
0.26053925488027585,-0.30651011864441996,0.682957451889932,-0.922948287372473
-0.7189221203669356,-0.6527709847135794,0.10079220904461875,-0.23428369449643016
0.11494069493501671,0.2705913248041792,-1.2575933575944453,1.602155219839684
0.054825904537943525,0.15517103611445937,1.2651226947352452,0.22482603408759838
-0.25772674903246284,-0.6527709847135794,-0.09326287190381899,-0.922948287372473
-1.2349496012612697,0.21288118045931928,-1.6457035194913208,-1.3820580159565015
-0.4023159942586752,0.09746089176959945,1.2651226947352452,-0.46383855878844443
-1.2572823622450644,-1.4030028611967582,1.0710676137868074,1.3726003555476698
0.07618161221159915,-0.30651011864441996,0.4889023709414942,0.6839357626716269
-0.35193026343181244,-1.4030028611967582,0.4889023709414942,0.45438089837961265
-2.605820112110557,0.5014319021836189,-0.09326287190381899,1.3726003555476698
-0.9872564879580783,-0.6527709847135794,0.4889023709414942,-0.922948287372473
-1.7939694981990872,0.09746089176959945,-0.48137303380069446,-1.1525031516644872
-0.3829164632143291,0.9631130569424982,1.6532328566321206,-0.6933934230804587
-0.95450239235017,-0.6527709847135794,0.2948472899930565,-0.46383855878844443
1.644618406857562,-0.9413217064378789,-0.6754281147491322,0.45438089837961265
1.4658326635389096,-0.9413217064378789,0.2948472899930565,1.602155219839684
-0.7248853476019135,-1.5184231498864782,-1.6457035194913208,-1.1525031516644872
-0.4493126134389824,1.6556347890808172,1.0710676137868074,0.22482603408759838
-1.38172612787116,1.2516637786667977,-0.6754281147491322,1.602155219839684
-2.2149922054954385,0.03975074742473954,-0.09326287190381899,0.22482603408759838
0.37715272443352854,-0.9413217064378789,-0.6754281147491322,-0.46383855878844443
2.05241615807066,1.713344933425677,-0.09326287190381899,-0.23428369449643016
-1.1536206155009172,1.136243489977078,0.682957451889932,-0.922948287372473
0.7936174727560226,0.09746089176959945,-0.8694831956975699,0.9134906269636413
1.297291342117652,-0.36422026298927984,-0.8694831956975699,-1.1525031516644872
1.4402279519729941,-1.4607130055416182,0.682957451889932,1.3726003555476698
-0.8557283199938904,-0.8259014177481592,1.4591777756836828,0.45438089837961265
-1.6424266722008443,-1.2298724281621785,-0.8694831956975699,0.9134906269636413
0.21287278335359286,1.3093739230116577,0.4889023709414942,0.45438089837961265
0.722502005522168,-1.6915535829210577,1.0710676137868074,-0.922948287372473
-0.8547689007095898,1.5979246447359572,0.8770125328383697,0.9134906269636413
-0.044099733759831616,1.6556347890808172,-0.6754281147491322,-0.46383855878844443
1.9656419526018498,-0.7681912734032992,1.2651226947352452,-1.1525031516644872
-0.49825557495384337,1.4825043560462374,-1.6457035194913208,0.45438089837961265
0.0036454843945299175,0.5591420465284788,-0.6754281147491322,0.6839357626716269
-0.10691845192901522,1.4825043560462374,-0.8694831956975699,1.3726003555476698
-0.1353106633155181,0.09746089176959945,1.4591777756836828,-0.6933934230804587
0.16630677365459437,-1.1144521394724587,-0.09326287190381899,-1.1525031516644872
-0.815917721306731,-0.7104811290584393,-1.2575933575944453,-0.922948287372473
1.512131580035616,0.15517103611445937,0.2948472899930565,1.1430454912556556
2.015129155822583,0.09746089176959945,0.10079220904461875,1.1430454912556556
-1.2819567044884754,1.4825043560462374,1.4591777756836828,1.1430454912556556
-0.18953019233387175,1.3093739230116577,-0.09326287190381899,0.6839357626716269
0.18024168649895828,-1.2875825725070384,-1.6457035194913208,1.602155219839684
0.08824298280923173,1.713344933425677,0.4889023709414942,-1.3820580159565015
-2.0166266359065617,-0.30651011864441996,-0.6754281147491322,0.6839357626716269
-1.742634412356289,-1.1144521394724587,0.2948472899930565,-1.3820580159565015
-1.8359661447737965,-0.8259014177481592,0.2948472899930565,-1.611612880248516
0.14774767563996674,0.5014319021836189,0.2948472899930565,1.3726003555476698
-2.08442465129339,-0.9990318507827389,-0.09326287190381899,-0.00472883020441589
-1.2483567635409052,0.09746089176959945,1.4591777756836828,-0.46383855878844443
-0.30827811811867034,0.5591420465284788,0.4889023709414942,0.45438089837961265
-0.6244367164166748,0.09746089176959945,-0.09326287190381899,-0.922948287372473
0.6429512405754472,1.3670840673565174,0.2948472899930565,1.1430454912556556
0.8316793819249271,-0.24879997429956002,-0.2873179528522567,1.602155219839684
-0.1731531774363785,-1.5184231498864782,-0.6754281147491322,-1.1525031516644872
0.007540059619528769,-1.4607130055416182,1.2651226947352452,-1.3820580159565015
-1.277269224573844,-1.633843438576198,-1.2575933575944453,-1.3820580159565015
-0.7442871604883836,0.6745623352181985,-1.2575933575944453,1.602155219839684
-2.8647233771023934,1.5402145003910972,-0.6754281147491322,-0.00472883020441589
0.16054954532976404,0.5014319021836189,-0.6754281147491322,1.1430454912556556
0.33438961607439727,-1.6915535829210577,-0.8694831956975699,0.45438089837961265
-0.4995994856533268,-0.5950608403687195,-1.0635382766460078,0.6839357626716269
-0.5461467566280652,0.386011613493899,-0.6754281147491322,0.22482603408759838
-0.6758480356674098,-1.3452927168518984,0.4889023709414942,-0.00472883020441589
2.152298960377769,0.386011613493899,-1.0635382766460078,-0.922948287372473
-0.15890423935063527,0.03975074742473954,-1.0635382766460078,-0.922948287372473
0.4467315585074228,0.32830146914903907,-0.8694831956975699,-0.922948287372473
-0.8981082079074575,-1.1144521394724587,-1.4516484385428832,-0.922948287372473
0.03326416370143807,0.7322724795630585,-1.6457035194913208,-0.00472883020441589
0.02750170393577503,0.5591420465284788,0.10079220904461875,-1.1525031516644872
0.1604946561951855,0.15517103611445937,-0.6754281147491322,-0.922948287372473
1.724700330896802,-0.5373506960238595,0.2948472899930565,-0.6933934230804587
0.013168130800699255,-0.7104811290584393,1.2651226947352452,1.1430454912556556
-0.3044753813507186,-0.07566954126498028,1.2651226947352452,-0.23428369449643016
0.924322252486752,-0.30651011864441996,-1.2575933575944453,0.6839357626716269
0.9162959342315863,-1.4607130055416182,-0.09326287190381899,0.45438089837961265
-0.27695778125215104,0.44372175783875895,0.4889023709414942,0.6839357626716269
-0.2608652118309852,-0.47964055167899966,0.682957451889932,-0.23428369449643016
0.08723174531394833,0.03975074742473954,0.8770125328383697,-1.3820580159565015
1.7231150165353208,-1.633843438576198,0.10079220904461875,-0.6933934230804587
0.724074374666172,0.6745623352181985,0.10079220904461875,-1.3820580159565015
-0.1533893583031561,-1.4607130055416182,1.4591777756836828,-1.1525031516644872
-0.2360061252416666,1.5979246447359572,-0.6754281147491322,0.45438089837961265
-0.1865575290926971,-0.5950608403687195,0.4889023709414942,0.22482603408759838
-0.13215043143161526,0.6168521908733386,-1.6457035194913208,-0.6933934230804587
2.000496243647367,-0.47964055167899966,0.2948472899930565,-0.23428369449643016
-2.0923320949543753,-0.883611562093019,-0.2873179528522567,1.3726003555476698
0.5204215584147805,1.6556347890808172,0.4889023709414942,0.6839357626716269
-0.6418485537984016,1.3093739230116577,1.2651226947352452,-1.611612880248516
0.48625768822160514,1.3670840673565174,-0.09326287190381899,-1.3820580159565015
0.15464831010217064,1.4825043560462374,-0.8694831956975699,0.22482603408759838
0.9272212359103843,1.2516637786667977,0.10079220904461875,-0.46383855878844443
0.5845041509408296,-0.24879997429956002,-0.09326287190381899,0.9134906269636413
1.774813601541058,0.8476927682527783,-0.48137303380069446,1.3726003555476698
0.042454018180274875,-1.576133294231338,0.2948472899930565,0.9134906269636413
1.1052212054732506,-1.6915535829210577,0.682957451889932,0.9134906269636413
-1.4584881919071162,-0.30651011864441996,-1.0635382766460078,-0.6933934230804587
0.5502885443459408,-0.017959396920120375,1.4591777756836828,0.9134906269636413
0.593205576853776,-0.4219304073341398,1.2651226947352452,1.3726003555476698
-0.7014876783558637,0.8476927682527783,1.0710676137868074,-0.00472883020441589
-0.6108281830925837,1.3093739230116577,1.2651226947352452,1.3726003555476698
0.3711578528450967,0.5014319021836189,-1.6457035194913208,-0.00472883020441589
1.08805421390898,0.5591420465284788,0.2948472899930565,-1.3820580159565015
0.09447408417909821,1.2516637786667977,1.2651226947352452,-0.23428369449643016
0.7960214979381983,0.32830146914903907,-0.6754281147491322,-0.46383855878844443
-0.12122352388421949,-0.9413217064378789,1.2651226947352452,1.602155219839684
1.480370841067142,-0.30651011864441996,-0.09326287190381899,0.45438089837961265
-1.2175157283820752,-1.1144521394724587,0.2948472899930565,-0.00472883020441589
-0.9256536176306693,-0.6527709847135794,-0.48137303380069446,0.22482603408759838
0.5099963818553905,-1.576133294231338,0.2948472899930565,-0.23428369449643016
-0.5277083264356562,0.9631130569424982,-1.4516484385428832,-0.00472883020441589
-1.697681957980187,-1.4030028611967582,-0.09326287190381899,0.22482603408759838
-1.3941697642355289,0.6168521908733386,-1.6457035194913208,1.1430454912556556
1.0525076748508284,-1.6915535829210577,1.6532328566321206,1.3726003555476698
0.23820314390089023,1.713344933425677,1.0710676137868074,0.45438089837961265
-2.0761708387493076,-0.883611562093019,-1.2575933575944453,-0.922948287372473
-1.3833511493845159,-0.5950608403687195,1.6532328566321206,-1.1525031516644872
0.0008158179118463592,1.713344933425677,-1.2575933575944453,-0.00472883020441589
-0.05354653058644327,0.32830146914903907,-0.48137303380069446,1.1430454912556556
-0.06470240422735925,-0.8259014177481592,0.682957451889932,1.602155219839684
0.3763517992714244,1.5402145003910972,1.4591777756836828,1.1430454912556556
-1.5611308870540903,-0.1910898299547001,-0.48137303380069446,-1.1525031516644872
1.095614397193712,0.44372175783875895,0.8770125328383697,-0.922948287372473
-0.4906885452740774,-0.47964055167899966,0.8770125328383697,-0.00472883020441589
-0.9983910730136526,0.03975074742473954,0.2948472899930565,1.1430454912556556
1.0528657373524026,0.5591420465284788,0.682957451889932,-1.611612880248516
-0.12432942169920798,-1.1721622838173187,-1.4516484385428832,1.3726003555476698
-0.17465477008517546,0.7899826239079184,1.0710676137868074,-1.1525031516644872
-0.5000198662197903,-0.30651011864441996,-1.4516484385428832,-0.6933934230804587
0.30910721368567606,-1.6915535829210577,1.2651226947352452,-0.6933934230804587
0.6803686847096135,1.1939536343219377,-1.4516484385428832,1.3726003555476698
-1.1792192935849122,-0.1910898299547001,0.682957451889932,-1.3820580159565015
-0.23841063413462996,-1.6915535829210577,0.8770125328383697,0.6839357626716269
0.6898323301973877,0.6745623352181985,0.4889023709414942,-1.3820580159565015
-0.018891906814063622,-1.6915535829210577,0.682957451889932,0.45438089837961265
0.3183917868463132,1.3670840673565174,-1.0635382766460078,0.45438089837961265
-0.8310110305962445,1.5979246447359572,1.6532328566321206,-1.611612880248516
-0.6742336089520732,1.136243489977078,-1.6457035194913208,-0.922948287372473
-0.3309344086717168,-0.5950608403687195,1.2651226947352452,-0.6933934230804587
0.12340703155201482,1.4825043560462374,-0.48137303380069446,-1.611612880248516
0.6361228101746241,0.03975074742473954,-1.6457035194913208,-0.6933934230804587
-1.4197919520569522,-0.07566954126498028,0.8770125328383697,-1.611612880248516
-1.8688193480120372,1.5402145003910972,0.682957451889932,-0.922948287372473
-0.0767308132409031,-1.576133294231338,-0.09326287190381899,-0.6933934230804587
-0.5407849531760506,-0.36422026298927984,1.2651226947352452,-1.611612880248516
0.6632075708101262,-0.24879997429956002,-0.48137303380069446,0.22482603408759838
0.7814544253567279,-0.5950608403687195,0.2948472899930565,1.3726003555476698
0.263443776833745,0.7899826239079184,-0.8694831956975699,-0.6933934230804587
0.45059732015132187,-0.30651011864441996,0.2948472899930565,-1.1525031516644872
0.7674329208742583,1.078533345632218,-0.48137303380069446,-0.00472883020441589
0.23264416621708464,0.6168521908733386,1.6532328566321206,-1.611612880248516
0.2269394973311567,-0.5373506960238595,-1.6457035194913208,-1.3820580159565015
-0.7523136698995218,-0.1910898299547001,0.4889023709414942,-1.1525031516644872
-0.46234565417196355,-1.2298724281621785,-1.0635382766460078,-0.00472883020441589
-1.2705556345816218,1.4825043560462374,-1.0635382766460078,-1.1525031516644872
-0.5879776386564746,0.7322724795630585,0.682957451889932,-0.922948287372473
-0.07113699604743935,0.9054029125976383,-0.2873179528522567,-0.46383855878844443
-0.14948149413275544,-0.9413217064378789,0.10079220904461875,-0.00472883020441589
-0.07447374314441547,-0.5373506960238595,-0.2873179528522567,-1.3820580159565015
-0.16335557804252585,-0.5950608403687195,1.6532328566321206,-0.922948287372473
0.18810265637982015,-0.36422026298927984,0.8770125328383697,1.3726003555476698
-1.3937739600868568,1.4825043560462374,-0.48137303380069446,1.3726003555476698
0.9634147476909485,1.4825043560462374,0.10079220904461875,-0.922948287372473
-0.5632957824313076,0.44372175783875895,0.4889023709414942,-0.922948287372473
0.9196383324343812,-0.47964055167899966,0.10079220904461875,0.22482603408759838
1.2753529665761083,-1.4607130055416182,1.2651226947352452,1.1430454912556556
0.5569645232399918,1.1939536343219377,1.4591777756836828,-0.46383855878844443
0.2672885482175352,0.2705913248041792,-0.09326287190381899,1.1430454912556556
1.4792709788096938,0.386011613493899,0.682957451889932,-1.3820580159565015
0.7479933467253229,-0.30651011864441996,0.682957451889932,-0.00472883020441589
-0.8699876870117585,0.03975074742473954,-1.6457035194913208,-0.23428369449643016
-0.3237813762650499,-1.2298724281621785,0.8770125328383697,-0.6933934230804587
-1.0097711062365018,-0.7681912734032992,1.0710676137868074,-0.00472883020441589
-1.17812766689831,1.3670840673565174,1.6532328566321206,-0.46383855878844443
0.6211827207641991,-0.4219304073341398,1.0710676137868074,-0.922948287372473
0.5352940367740964,0.5591420465284788,0.682957451889932,0.6839357626716269
-2.3728251037805888,0.6168521908733386,1.4591777756836828,0.45438089837961265
-0.7463121558676722,-0.6527709847135794,1.0710676137868074,-1.3820580159565015
0.41154547388470636,-1.2298724281621785,-1.0635382766460078,-0.46383855878844443
0.687512450734105,-0.9990318507827389,0.8770125328383697,1.602155219839684
-0.6167477680579542,-0.9990318507827389,-0.09326287190381899,-1.1525031516644872
0.5962086514670477,-1.5184231498864782,-1.2575933575944453,0.22482603408759838
0.7571212858581551,1.5979246447359572,0.682957451889932,-0.922948287372473
0.2330236674417642,0.44372175783875895,-1.0635382766460078,-0.6933934230804587
0.8479439913196026,-0.1910898299547001,1.4591777756836828,-0.46383855878844443
0.5385641192303317,1.5402145003910972,-1.0635382766460078,-0.6933934230804587
-0.9122857854547618,0.5591420465284788,-1.2575933575944453,0.22482603408759838
1.4988043587983688,0.15517103611445937,0.8770125328383697,-0.46383855878844443
0.44114639166141134,0.9054029125976383,0.8770125328383697,-0.23428369449643016
1.1059632259772278,-0.8259014177481592,0.2948472899930565,-1.1525031516644872
-0.9589951206823762,1.3093739230116577,-0.09326287190381899,0.9134906269636413
0.642845973448412,1.4247942117013774,-1.4516484385428832,1.1430454912556556
-1.352546734359649,0.15517103611445937,-0.2873179528522567,0.9134906269636413
-0.44069625903971077,-1.1144521394724587,1.0710676137868074,-1.611612880248516
0.7687450731036088,1.713344933425677,-1.2575933575944453,-0.23428369449643016
-0.17282085096153868,-0.5373506960238595,-0.2873179528522567,0.22482603408759838
0.5834740438530696,1.3670840673565174,1.2651226947352452,1.602155219839684
1.3116512627853993,0.6168521908733386,-1.6457035194913208,-0.922948287372473
0.11736913208024509,-0.4219304073341398,-0.09326287190381899,1.1430454912556556
-0.6076468072216669,-1.3452927168518984,-0.2873179528522567,-1.1525031516644872
1.477202900491437,-0.5373506960238595,-0.09326287190381899,-0.23428369449643016
0.42529952919020775,1.5402145003910972,1.4591777756836828,1.1430454912556556
1.6919274528817172,-1.6915535829210577,-0.48137303380069446,-0.6933934230804587
-0.9692556116933418,-0.9990318507827389,-0.8694831956975699,1.602155219839684
-0.15398052680716587,-1.4030028611967582,1.6532328566321206,-1.1525031516644872
-0.45402690002330753,-0.5950608403687195,-0.09326287190381899,0.6839357626716269
1.3411126103745892,-0.1333796856098402,-1.2575933575944453,-1.611612880248516
1.2015456304244372,-1.0567419951275987,-0.48137303380069446,-0.00472883020441589
0.446449755459959,0.7322724795630585,-1.0635382766460078,1.3726003555476698
0.8199605806809057,1.0208232012873582,1.6532328566321206,1.1430454912556556
1.179718895705945,-0.8259014177481592,-1.0635382766460078,0.9134906269636413
1.102326686567712,1.3093739230116577,-0.48137303380069446,-1.611612880248516
0.376536265532934,0.8476927682527783,1.6532328566321206,1.602155219839684
0.09625553504471039,1.5402145003910972,1.2651226947352452,-1.3820580159565015
-0.5415378405858524,0.5591420465284788,-1.0635382766460078,-1.1525031516644872
0.9943746212818966,-0.47964055167899966,0.8770125328383697,-0.922948287372473
-1.0041082798721046,0.03975074742473954,0.4889023709414942,-1.1525031516644872
1.0158727032494428,0.21288118045931928,1.2651226947352452,-0.46383855878844443
-0.4273166152514554,-0.9990318507827389,-1.4516484385428832,1.602155219839684
-0.3631712964211469,0.6745623352181985,0.8770125328383697,-1.3820580159565015
-2.2624623292344563,1.4247942117013774,0.682957451889932,0.6839357626716269
0.8787307258263649,0.5014319021836189,0.8770125328383697,-1.1525031516644872
-0.5835603197218935,-1.6915535829210577,1.6532328566321206,0.6839357626716269
1.1680475074736243,0.21288118045931928,0.4889023709414942,-0.46383855878844443
1.664076134957755,0.15517103611445937,0.10079220904461875,-0.46383855878844443
0.48552768761380416,0.9054029125976383,0.4889023709414942,1.1430454912556556
-2.0814345052107703,-1.1721622838173187,-1.0635382766460078,-1.3820580159565015
1.2480820114408873,0.9054029125976383,-0.48137303380069446,-0.46383855878844443
-0.2260194866537658,-1.6915535829210577,0.8770125328383697,0.6839357626716269
1.3512838118542807,-0.1333796856098402,1.2651226947352452,1.3726003555476698
0.11939472860683205,-0.30651011864441996,1.2651226947352452,-0.00472883020441589
-0.15663661598417045,-1.4607130055416182,-0.2873179528522567,-0.23428369449643016
-0.7653534620675821,1.0208232012873582,0.4889023709414942,1.602155219839684
0.6686605751847537,1.3093739230116577,-1.4516484385428832,-0.922948287372473
0.23216681017239915,0.44372175783875895,1.0710676137868074,-0.922948287372473
-0.12071149434266162,0.7322724795630585,1.0710676137868074,0.9134906269636413
1.6544615437038779,-0.30651011864441996,0.10079220904461875,1.3726003555476698
-0.7109773386855689,0.7322724795630585,-1.6457035194913208,0.45438089837961265
1.4035239684280936,0.6745623352181985,-0.8694831956975699,0.22482603408759838
2.088270553293911,-1.4030028611967582,-0.48137303380069446,1.602155219839684
0.7630467466142967,0.7899826239079184,-1.6457035194913208,0.45438089837961265
2.005343841804829,-0.47964055167899966,-0.8694831956975699,-0.00472883020441589
-0.30523840451301726,1.3670840673565174,1.0710676137868074,-0.00472883020441589
0.6194818595009295,-0.36422026298927984,-1.6457035194913208,-0.6933934230804587
-0.24800896664896105,-0.1910898299547001,-0.09326287190381899,-0.6933934230804587
0.09622779233436651,1.5979246447359572,0.8770125328383697,0.45438089837961265
-1.0346296220809894,-1.0567419951275987,-1.2575933575944453,-0.00472883020441589
-1.4837119265076706,0.15517103611445937,-1.0635382766460078,-0.46383855878844443
1.4244841990451387,-1.576133294231338,0.10079220904461875,1.1430454912556556
0.14204145901601406,1.5402145003910972,0.4889023709414942,1.3726003555476698
-1.0756399346001446,0.32830146914903907,1.6532328566321206,0.45438089837961265
1.0267826943436096,0.7322724795630585,0.8770125328383697,-0.46383855878844443
0.7483318347550512,1.4825043560462374,-1.0635382766460078,-0.00472883020441589
1.2349612021613743,-1.0567419951275987,0.10079220904461875,-0.00472883020441589
-1.9486353762467117,0.21288118045931928,1.2651226947352452,-1.3820580159565015
0.3227656075256135,-1.633843438576198,-1.2575933575944453,-0.46383855878844443
0.3080258096678298,1.3093739230116577,1.4591777756836828,1.1430454912556556
-0.19203723079653892,0.9054029125976383,0.4889023709414942,-1.3820580159565015
-0.24493795366539986,0.8476927682527783,-1.0635382766460078,1.3726003555476698
-0.5204776626401433,1.078533345632218,-0.2873179528522567,-0.6933934230804587
-1.5027392045493715,1.2516637786667977,-0.09326287190381899,-1.1525031516644872
0.5619047713184168,1.4247942117013774,-1.6457035194913208,0.45438089837961265
-1.5915951736230785,0.2705913248041792,-0.2873179528522567,1.3726003555476698
0.998314717732252,-0.8259014177481592,-1.0635382766460078,0.45438089837961265
-0.3657055339534261,1.0208232012873582,1.6532328566321206,-0.6933934230804587
1.5194208952911468,-1.576133294231338,-0.8694831956975699,1.602155219839684
-0.08003044883675477,0.5014319021836189,0.4889023709414942,0.6839357626716269
-1.2831670297442965,-0.4219304073341398,1.2651226947352452,1.3726003555476698
-0.5947886598105173,-0.9413217064378789,1.0710676137868074,0.22482603408759838
0.06247372083998095,0.6745623352181985,1.4591777756836828,1.3726003555476698
-0.4682639564302538,0.2705913248041792,-0.2873179528522567,-1.611612880248516
-1.3071886060315854,0.7899826239079184,-1.6457035194913208,1.3726003555476698
-0.4796198369852302,0.5591420465284788,0.8770125328383697,1.3726003555476698
-0.3074244078254445,-0.47964055167899966,-0.6754281147491322,0.6839357626716269
-0.9281299298828541,0.09746089176959945,-1.0635382766460078,-1.1525031516644872
-0.5584772392880755,-0.4219304073341398,0.682957451889932,-0.46383855878844443
-0.2566171838256433,-1.2875825725070384,0.8770125328383697,-1.611612880248516
-1.0503701899693705,0.2705913248041792,-0.6754281147491322,1.602155219839684
-2.1485517128122877,1.0208232012873582,-0.6754281147491322,-0.00472883020441589
0.9556261204439115,0.8476927682527783,-0.2873179528522567,0.22482603408759838
-0.5872792673826367,-0.4219304073341398,-1.6457035194913208,0.22482603408759838
-1.5963359511876631,0.386011613493899,0.8770125328383697,-0.23428369449643016
0.6344132495678616,0.15517103611445937,-0.09326287190381899,1.602155219839684
-0.32398499643584916,-0.5373506960238595,-1.2575933575944453,-0.922948287372473
-0.7991448752754546,1.5979246447359572,-1.0635382766460078,-1.611612880248516
-0.17464423316104172,-0.5373506960238595,-1.6457035194913208,-1.3820580159565015
0.5033416068873964,0.44372175783875895,0.10079220904461875,-0.46383855878844443
0.22337212491507696,-1.5184231498864782,1.0710676137868074,-0.922948287372473
0.4120481023772014,0.2705913248041792,1.0710676137868074,-1.611612880248516
0.5338854069901713,1.0208232012873582,-0.09326287190381899,0.45438089837961265
1.6305311138316463,0.7322724795630585,-0.2873179528522567,-0.922948287372473
1.0003507756060601,-0.07566954126498028,1.2651226947352452,-0.46383855878844443
-0.10248497349948175,1.3670840673565174,1.4591777756836828,-0.6933934230804587
-2.0823924967998986,-0.017959396920120375,-1.2575933575944453,-1.1525031516644872
-0.3270305187922357,-0.07566954126498028,1.6532328566321206,-0.23428369449643016
0.16620608125663486,1.6556347890808172,-0.6754281147491322,-0.46383855878844443
-0.2732591092883545,0.5014319021836189,1.4591777756836828,1.3726003555476698
1.335428505268484,-1.2875825725070384,1.4591777756836828,-0.00472883020441589
-0.3874142963685942,-1.1144521394724587,-0.8694831956975699,0.45438089837961265
-0.6919305819489692,-0.6527709847135794,-1.4516484385428832,-1.1525031516644872
0.9554174868791169,-0.9413217064378789,0.682957451889932,-0.46383855878844443
-0.5408267580712274,0.09746089176959945,-0.48137303380069446,-1.611612880248516
0.09837094635898455,1.0208232012873582,-0.2873179528522567,-1.3820580159565015
0.4383949398597061,0.15517103611445937,1.6532328566321206,-0.46383855878844443
1.7698753967051168,0.7322724795630585,-1.4516484385428832,-0.00472883020441589
1.0236258643574352,-0.4219304073341398,-0.48137303380069446,-0.46383855878844443
-1.6905819837367169,-0.017959396920120375,1.6532328566321206,1.602155219839684
0.3938581575689195,-0.5373506960238595,1.6532328566321206,1.602155219839684
1.6343837433401434,-0.5950608403687195,-0.6754281147491322,-0.922948287372473
-1.155529188468104,-1.1721622838173187,-0.2873179528522567,-1.611612880248516
1.2866994590584853,-1.5184231498864782,0.8770125328383697,-0.922948287372473
0.3895848048173564,0.386011613493899,-1.0635382766460078,0.22482603408759838
1.2530609032942235,0.9054029125976383,0.682957451889932,-0.00472883020441589
-0.24040562665289114,-0.1910898299547001,1.2651226947352452,-1.3820580159565015
-0.5172252648009176,0.5014319021836189,0.2948472899930565,1.3726003555476698
1.2805654638752804,-0.017959396920120375,-0.6754281147491322,-1.1525031516644872
-0.18032744351459928,0.15517103611445937,0.4889023709414942,0.9134906269636413
0.049593776944002944,0.21288118045931928,1.2651226947352452,1.602155219839684
0.19719531332785248,-1.4030028611967582,-1.2575933575944453,-1.3820580159565015
-0.15126242194883727,-1.576133294231338,0.4889023709414942,-1.1525031516644872
1.0554215726756322,-1.1721622838173187,-0.8694831956975699,0.9134906269636413
-0.266873468688432,0.7322724795630585,1.4591777756836828,-0.922948287372473
-1.0459158110003524,0.9631130569424982,0.4889023709414942,0.9134906269636413
-1.9359671839074788,1.136243489977078,-1.6457035194913208,-1.1525031516644872
1.7110228944022123,-0.883611562093019,0.4889023709414942,-1.1525031516644872
-0.3755987232709815,-0.1333796856098402,0.8770125328383697,-1.1525031516644872
-2.334356209861069,0.386011613493899,1.6532328566321206,-0.23428369449643016
-0.5648150055713227,-1.576133294231338,0.4889023709414942,-1.3820580159565015
1.8726062172950968,1.713344933425677,0.10079220904461875,-0.46383855878844443
0.7558010510856032,0.7322724795630585,-1.6457035194913208,1.602155219839684
1.05274270279607,0.09746089176959945,-0.2873179528522567,1.1430454912556556
-1.2410556183778407,0.21288118045931928,0.8770125328383697,-0.23428369449643016
-1.02274177661791,1.078533345632218,0.4889023709414942,-0.46383855878844443
-0.11791996326047277,0.5591420465284788,-1.4516484385428832,-1.3820580159565015
-0.638287142255118,-1.0567419951275987,-0.6754281147491322,-1.1525031516644872
0.0747945107401732,1.136243489977078,-0.6754281147491322,1.602155219839684
-0.44316942841514045,0.44372175783875895,-0.2873179528522567,-1.1525031516644872
-1.2620502594216623,0.6168521908733386,0.4889023709414942,0.45438089837961265
0.6294540531339704,1.136243489977078,-1.6457035194913208,1.3726003555476698
-0.9369256418651357,-1.0567419951275987,-0.2873179528522567,0.6839357626716269
0.05451193118665792,-0.6527709847135794,0.10079220904461875,1.602155219839684
-0.9190619938692236,-1.1144521394724587,-0.8694831956975699,1.602155219839684
0.7413836721029134,-1.3452927168518984,-1.0635382766460078,-0.46383855878844443
0.45914460793488987,-1.633843438576198,-0.8694831956975699,-0.922948287372473
0.267534992886123,1.3670840673565174,1.4591777756836828,0.22482603408759838
-0.8804271689042994,-0.7681912734032992,-1.4516484385428832,0.9134906269636413
-0.3340811474792313,1.078533345632218,-1.0635382766460078,0.45438089837961265
0.2617818386379146,0.44372175783875895,1.0710676137868074,-0.00472883020441589
-0.7678115740927495,-1.6915535829210577,-1.4516484385428832,-1.1525031516644872
-0.4505922794509266,1.4247942117013774,-0.48137303380069446,0.9134906269636413
0.23988926858095164,-0.24879997429956002,-1.0635382766460078,1.602155219839684
0.583540888920073,1.3093739230116577,-0.48137303380069446,1.1430454912556556
-1.6075477438182704,1.5402145003910972,-1.6457035194913208,0.45438089837961265
0.2883148427144856,-0.47964055167899966,1.6532328566321206,-0.23428369449643016
0.4053980513908474,0.44372175783875895,-0.2873179528522567,0.45438089837961265
0.9569185792967043,-0.9413217064378789,0.682957451889932,0.45438089837961265
-0.16305743529700364,-0.30651011864441996,0.4889023709414942,-0.46383855878844443
0.2501678269798186,1.3093739230116577,1.4591777756836828,1.602155219839684
0.35670934574844276,-1.4030028611967582,-1.2575933575944453,0.6839357626716269
-0.7280980407621845,1.2516637786667977,-0.6754281147491322,-0.6933934230804587
-0.6618329055196774,0.5591420465284788,0.2948472899930565,0.22482603408759838
-0.9210045052565342,1.3093739230116577,0.682957451889932,-1.1525031516644872
-0.05252750617561864,-1.633843438576198,-1.0635382766460078,-1.611612880248516
-0.8527225108451524,0.03975074742473954,0.10079220904461875,0.9134906269636413
-0.4025088664324286,-1.1144521394724587,0.682957451889932,0.22482603408759838
0.4307548571592567,0.7322724795630585,0.682957451889932,0.22482603408759838
-1.77825306804894,-0.9413217064378789,0.4889023709414942,-0.46383855878844443
-1.1823544291974457,-0.7681912734032992,-0.8694831956975699,0.6839357626716269
-1.6588910668299728,-0.9413217064378789,0.10079220904461875,-0.46383855878844443
-0.9729754788803321,-1.4030028611967582,-0.6754281147491322,-0.23428369449643016
1.1055089759249384,-0.36422026298927984,1.6532328566321206,-1.611612880248516
-0.3304110426111694,-1.0567419951275987,-1.6457035194913208,0.9134906269636413
-1.492778979824547,-0.883611562093019,-0.6754281147491322,-0.00472883020441589
-0.9366485841999618,-0.9990318507827389,0.8770125328383697,1.3726003555476698
0.9695864633372658,-1.5184231498864782,0.8770125328383697,0.22482603408759838
-1.6907756092356614,-1.5184231498864782,-0.6754281147491322,1.602155219839684
0.5033984003380776,0.32830146914903907,-0.8694831956975699,-0.46383855878844443
-0.7767030141475669,-1.5184231498864782,0.10079220904461875,-0.6933934230804587
-1.2817906160754426,-1.633843438576198,-0.2873179528522567,0.9134906269636413
-0.43875415919428734,-0.47964055167899966,0.682957451889932,-1.611612880248516
-0.20680687988747173,-0.8259014177481592,0.682957451889932,-1.3820580159565015
0.4099950140457708,-0.6527709847135794,1.4591777756836828,-0.23428369449643016
1.098844806651778,1.1939536343219377,-0.09326287190381899,-0.00472883020441589
-0.05290963735313536,-0.9413217064378789,-1.2575933575944453,-0.23428369449643016
1.002409489374529,1.6556347890808172,-1.0635382766460078,-0.922948287372473
0.5763592243023449,0.8476927682527783,-1.6457035194913208,0.6839357626716269
1.4438606236108869,0.6745623352181985,-1.4516484385428832,-0.46383855878844443
0.4711963138699874,0.2705913248041792,1.6532328566321206,-1.1525031516644872
0.22096697705394425,1.136243489977078,-1.2575933575944453,-0.23428369449643016
-1.063014807406639,0.2705913248041792,1.6532328566321206,-1.611612880248516
1.259179189565601,-1.633843438576198,-1.4516484385428832,-0.00472883020441589
1.415598847727853,-1.4030028611967582,1.4591777756836828,0.6839357626716269
-1.8172509708575662,-0.24879997429956002,-0.48137303380069446,1.602155219839684
0.20344470019123884,0.21288118045931928,1.2651226947352452,1.3726003555476698
0.7943535650816196,-1.3452927168518984,1.2651226947352452,-1.3820580159565015
0.5937700713229438,-0.30651011864441996,-0.2873179528522567,-1.3820580159565015
0.802960509114402,-0.1910898299547001,-0.6754281147491322,0.45438089837961265
-1.8798312740668568,-1.5184231498864782,1.6532328566321206,-0.46383855878844443
0.7775541714418852,-0.017959396920120375,0.10079220904461875,-1.3820580159565015
-0.14097633333912085,0.9054029125976383,-0.09326287190381899,1.1430454912556556
0.5075834335177087,-0.30651011864441996,-1.4516484385428832,-1.611612880248516
-0.7464822619180763,-0.883611562093019,-1.2575933575944453,0.22482603408759838
-1.797464486223692,-0.4219304073341398,-1.4516484385428832,-0.46383855878844443
-1.2368067493164463,-0.30651011864441996,1.4591777756836828,-0.922948287372473
-1.8570124620934325,-0.47964055167899966,-0.8694831956975699,-1.611612880248516
1.3142145291391645,-1.4030028611967582,0.4889023709414942,-0.46383855878844443
0.7538823184761573,-1.0567419951275987,1.2651226947352452,0.6839357626716269
0.6444314521108395,0.386011613493899,-1.4516484385428832,0.45438089837961265
0.924552383221687,-0.30651011864441996,0.4889023709414942,-1.611612880248516
1.4528157751529438,-1.2875825725070384,0.4889023709414942,-0.00472883020441589
2.005312422960297,1.5979246447359572,1.0710676137868074,1.3726003555476698
1.5693348160041856,-1.0567419951275987,-1.6457035194913208,1.3726003555476698
0.010327922671344632,1.713344933425677,-1.2575933575944453,0.22482603408759838
-0.7309733415682826,1.6556347890808172,-1.6457035194913208,-0.23428369449643016
1.7112770246260895,-0.1910898299547001,0.2948472899930565,-0.00472883020441589
-0.3056134874519155,1.3670840673565174,-0.8694831956975699,0.6839357626716269
-1.0750645368545655,1.136243489977078,-0.2873179528522567,-0.23428369449643016
-1.9062046479986088,0.8476927682527783,0.682957451889932,1.3726003555476698
-2.2735702535894347,0.32830146914903907,1.6532328566321206,1.1430454912556556
0.3482942466754359,-0.5950608403687195,0.10079220904461875,-0.46383855878844443
0.3999680687676301,0.386011613493899,0.682957451889932,-1.1525031516644872
-0.19981025289370943,-0.1333796856098402,-0.48137303380069446,-1.1525031516644872
0.5001391908182781,1.0208232012873582,0.682957451889932,-0.922948287372473
-2.4059298882090547,1.713344933425677,0.2948472899930565,0.22482603408759838
-0.6174659284274743,-0.9990318507827389,-0.6754281147491322,-1.3820580159565015
-1.6759844109401627,0.44372175783875895,0.10079220904461875,1.1430454912556556
2.744840811614229,-0.5950608403687195,-0.48137303380069446,0.45438089837961265
2.6819474141564914,1.713344933425677,-0.09326287190381899,-0.23428369449643016
-0.4160398313596287,-1.2298724281621785,-0.8694831956975699,-0.23428369449643016
0.44776206337788704,1.5402145003910972,-0.48137303380069446,-1.1525031516644872
-0.43935600032239647,0.7322724795630585,-0.6754281147491322,-0.46383855878844443
-0.37149041108952185,0.15517103611445937,0.2948472899930565,-1.1525031516644872
-0.4505789067575136,-1.1721622838173187,0.4889023709414942,-0.23428369449643016
0.7456130462716491,0.6745623352181985,1.4591777756836828,-0.922948287372473
0.5030812985115052,0.6745623352181985,1.4591777756836828,-0.922948287372473
0.5366197820873385,0.6745623352181985,1.4591777756836828,0.9134906269636413
-1.8219581996380707,-1.4030028611967582,1.4591777756836828,-0.922948287372473
-0.9881058089040843,1.5979246447359572,-1.0635382766460078,1.602155219839684
0.1702329018677969,0.7899826239079184,0.2948472899930565,1.602155219839684
-0.2395660190623165,-0.8259014177481592,-0.09326287190381899,-0.23428369449643016
1.6359049438134348,0.7322724795630585,-0.6754281147491322,0.9134906269636413
0.5118181379782671,1.3670840673565174,-1.6457035194913208,-0.922948287372473
-0.3650334215628144,-1.633843438576198,-1.2575933575944453,0.22482603408759838
0.9460295440757275,-0.6527709847135794,-0.09326287190381899,-0.23428369449643016
-0.2819207158661012,-0.5950608403687195,1.0710676137868074,1.1430454912556556
0.7770266121663875,-0.1333796856098402,0.682957451889932,0.9134906269636413
0.7321461296659444,0.32830146914903907,-0.48137303380069446,1.1430454912556556
-0.8256510268085848,0.44372175783875895,1.0710676137868074,-1.1525031516644872
0.15785974447483303,1.6556347890808172,-0.09326287190381899,-0.6933934230804587
-0.5923855197271266,-0.1910898299547001,-0.2873179528522567,-0.00472883020441589
1.8926220148256097,1.1939536343219377,-1.6457035194913208,1.1430454912556556
0.6648932507055881,-1.4030028611967582,0.2948472899930565,-1.1525031516644872
-1.0296155773654936,1.1939536343219377,0.682957451889932,0.9134906269636413
-0.591885028538787,-1.2298724281621785,1.2651226947352452,-0.00472883020441589
0.3318113701029985,-0.7681912734032992,0.10079220904461875,1.3726003555476698
-1.881426554620339,-1.2875825725070384,0.8770125328383697,-1.3820580159565015
0.5688069861350546,-0.47964055167899966,-0.2873179528522567,-0.6933934230804587
0.6250261525463404,-1.2298724281621785,1.6532328566321206,-0.922948287372473
0.3930213621033351,1.713344933425677,-1.4516484385428832,0.45438089837961265
0.40603173322723457,1.5979246447359572,0.8770125328383697,-0.6933934230804587
0.13537754496046953,1.2516637786667977,-1.0635382766460078,-1.1525031516644872
-0.49513671567970857,0.2705913248041792,0.682957451889932,0.6839357626716269
-0.08557694175237465,-0.8259014177481592,1.4591777756836828,0.22482603408759838
0.5206127041497834,0.21288118045931928,0.4889023709414942,-1.611612880248516
1.094442883531492,-0.36422026298927984,-0.48137303380069446,-0.922948287372473
1.2063055891463041,-1.1144521394724587,0.4889023709414942,-1.3820580159565015
-1.4668700814743802,1.1939536343219377,1.4591777756836828,0.22482603408759838
0.43264869900170805,-0.5373506960238595,0.10079220904461875,-0.00472883020441589
0.40899072105753165,-1.0567419951275987,0.10079220904461875,0.6839357626716269
-0.686165164979373,-0.1333796856098402,-0.2873179528522567,-0.46383855878844443
-0.8377438815245434,0.9054029125976383,0.8770125328383697,-0.00472883020441589
0.7329351797314664,-1.5184231498864782,1.2651226947352452,0.6839357626716269
0.09441424118793425,-0.6527709847135794,-1.0635382766460078,-0.46383855878844443
0.35075398600848295,0.32830146914903907,-0.8694831956975699,-0.00472883020441589
-0.00662104538553463,-0.5950608403687195,1.2651226947352452,-0.00472883020441589
-1.8677180140539844,-0.017959396920120375,-1.0635382766460078,1.3726003555476698
0.7270919684717856,-0.8259014177481592,-0.09326287190381899,0.45438089837961265
0.321688263783208,1.0208232012873582,0.8770125328383697,-0.922948287372473
-0.781763421599504,-0.1910898299547001,-1.6457035194913208,0.9134906269636413
0.19054334698653472,1.3670840673565174,0.10079220904461875,1.3726003555476698
0.7615869661564749,-0.24879997429956002,1.4591777756836828,-1.611612880248516
1.993893584941703,0.32830146914903907,-0.2873179528522567,-1.1525031516644872
0.3677398149462901,-0.4219304073341398,1.2651226947352452,-1.611612880248516
0.7212530307346104,-0.8259014177481592,-1.4516484385428832,-1.1525031516644872
0.2573170294055629,-1.2875825725070384,1.6532328566321206,0.22482603408759838
-1.335621450363529,1.5402145003910972,0.682957451889932,-0.00472883020441589
1.0845760314798898,-0.8259014177481592,-1.4516484385428832,1.1430454912556556
1.5443470784767594,1.3093739230116577,-1.4516484385428832,1.3726003555476698
-0.17909904649021519,-1.1144521394724587,1.6532328566321206,0.9134906269636413
1.3360465201333132,-1.2298724281621785,-1.0635382766460078,1.3726003555476698
-0.8753836950715009,-0.07566954126498028,0.2948472899930565,0.6839357626716269
0.916619755958444,-1.576133294231338,-1.0635382766460078,0.22482603408759838
0.6133962340080957,-0.30651011864441996,-1.2575933575944453,-0.922948287372473
-0.05404573617017268,1.136243489977078,1.6532328566321206,1.3726003555476698
-0.3584064007147452,0.386011613493899,1.0710676137868074,1.602155219839684
-0.8914380440660533,0.8476927682527783,-1.0635382766460078,-0.922948287372473
-0.4634474371059318,-0.7681912734032992,-1.6457035194913208,0.45438089837961265
0.6783763731533791,-1.633843438576198,-1.2575933575944453,1.1430454912556556
0.4436973376203163,0.44372175783875895,0.8770125328383697,-0.23428369449643016
-0.15709046009835895,1.5402145003910972,-0.09326287190381899,0.6839357626716269
-0.08300942940619813,-0.07566954126498028,-0.48137303380069446,-1.611612880248516
-0.0027470998301592866,-0.47964055167899966,0.8770125328383697,1.3726003555476698
1.759855855365392,-0.883611562093019,0.8770125328383697,-1.1525031516644872
-0.32061239704805644,-0.1333796856098402,1.6532328566321206,1.3726003555476698
1.0268273435741762,1.713344933425677,0.2948472899930565,1.602155219839684
-0.21576413245956427,-1.5184231498864782,0.682957451889932,-0.00472883020441589
-2.804225956486217,0.5591420465284788,-1.2575933575944453,-0.46383855878844443
0.464576230680126,-0.017959396920120375,-1.4516484385428832,0.9134906269636413
1.065034569337106,-1.0567419951275987,-0.48137303380069446,-1.611612880248516
0.28978165551222546,1.6556347890808172,-0.48137303380069446,-1.611612880248516
0.16385009898825487,0.7899826239079184,0.2948472899930565,-0.922948287372473
-1.261308394842924,0.386011613493899,-0.6754281147491322,-0.922948287372473
-0.31972185844815604,1.3093739230116577,-0.6754281147491322,-1.611612880248516
1.1325104376222557,1.4247942117013774,0.8770125328383697,-1.611612880248516
-0.20371601260728672,1.5402145003910972,-1.4516484385428832,-0.6933934230804587
-1.6463602544155973,0.8476927682527783,-1.2575933575944453,-1.611612880248516
1.1855252947531563,1.136243489977078,1.0710676137868074,-1.611612880248516
-1.0210219264073872,1.5979246447359572,1.2651226947352452,1.1430454912556556
-0.279464549544399,-0.9990318507827389,1.6532328566321206,-0.922948287372473
-1.6389556322289047,1.2516637786667977,0.10079220904461875,-0.23428369449643016
0.3577535786933941,-1.3452927168518984,1.4591777756836828,0.22482603408759838
1.8019758809068303,0.44372175783875895,-1.0635382766460078,-0.46383855878844443
-0.38301945360415557,-0.5950608403687195,-1.6457035194913208,-0.00472883020441589
-0.6358897485891648,0.5591420465284788,-1.0635382766460078,-0.6933934230804587
-0.16958072806862637,-0.6527709847135794,-0.2873179528522567,0.9134906269636413
-2.324830679865944,-1.5184231498864782,-1.6457035194913208,-0.46383855878844443
-0.5816327018500104,-0.30651011864441996,0.2948472899930565,0.9134906269636413
-0.1728488828895046,-1.5184231498864782,-0.8694831956975699,1.602155219839684
0.5505762857468809,0.6168521908733386,-1.0635382766460078,-0.46383855878844443
0.2445051442820753,1.4247942117013774,-0.8694831956975699,0.6839357626716269
0.6943084637526415,-1.633843438576198,-0.09326287190381899,0.45438089837961265
-1.5409430991687998,-1.4030028611967582,-1.0635382766460078,-0.922948287372473
-1.0953394804190884,-1.1721622838173187,-1.6457035194913208,-1.611612880248516
-2.184048525317954,0.44372175783875895,1.2651226947352452,0.22482603408759838
2.708533193969026,-0.1910898299547001,0.4889023709414942,1.602155219839684
-1.5717006625141958,0.6745623352181985,-0.09326287190381899,1.1430454912556556
-0.6029784285937614,0.7322724795630585,-0.48137303380069446,-0.46383855878844443
-0.12353542156802849,-1.0567419951275987,1.0710676137868074,1.3726003555476698
-0.2171363603489932,-1.5184231498864782,0.2948472899930565,-0.00472883020441589
0.23127257712909455,-1.0567419951275987,-0.48137303380069446,-0.6933934230804587
-0.42575721069567585,0.32830146914903907,-1.2575933575944453,1.1430454912556556
-0.8211758734833184,-0.07566954126498028,-0.48137303380069446,-0.46383855878844443
-0.33436605613023274,0.9054029125976383,-1.6457035194913208,-0.23428369449643016
-0.11165295385852017,-1.0567419951275987,-0.6754281147491322,-1.3820580159565015
-1.3781234228669528,-1.5184231498864782,-0.6754281147491322,-0.46383855878844443
-0.2922600395650701,-0.017959396920120375,1.0710676137868074,-0.922948287372473
0.11122671135535142,0.5591420465284788,1.4591777756836828,1.602155219839684
-1.1916747155604863,-0.9990318507827389,0.10079220904461875,-0.23428369449643016
0.6835261701841981,0.7899826239079184,-0.2873179528522567,-0.46383855878844443
0.860556011092239,-1.4030028611967582,0.4889023709414942,-0.23428369449643016
0.9561005698585553,-0.883611562093019,-1.0635382766460078,-1.3820580159565015
-0.5522005266027878,1.713344933425677,1.4591777756836828,-1.3820580159565015
-0.9250083197380391,-0.47964055167899966,-0.48137303380069446,0.6839357626716269
-0.3967177601172597,-0.883611562093019,-0.48137303380069446,-0.922948287372473
0.9405082988004998,-0.4219304073341398,1.0710676137868074,-0.00472883020441589
-1.2977202299963302,0.7899826239079184,1.2651226947352452,-0.46383855878844443
-0.801737872930031,0.09746089176959945,-1.6457035194913208,-0.00472883020441589
0.5875719270498758,-0.5373506960238595,-0.6754281147491322,-0.6933934230804587
-0.29027156931374765,1.5402145003910972,1.2651226947352452,0.9134906269636413
0.15576109578195435,-0.24879997429956002,0.8770125328383697,1.3726003555476698
0.49071538981970086,-1.576133294231338,1.2651226947352452,-1.1525031516644872
0.33761203387174626,0.32830146914903907,-0.09326287190381899,-1.3820580159565015
0.2365621265624568,0.9631130569424982,0.682957451889932,-1.1525031516644872
-0.9960420114729406,-0.47964055167899966,1.2651226947352452,-0.00472883020441589
-0.43505989845525334,0.7322724795630585,-0.09326287190381899,-0.6933934230804587
-0.594515979312844,0.32830146914903907,-0.8694831956975699,-1.1525031516644872
-1.3147677913614764,0.8476927682527783,1.6532328566321206,-0.00472883020441589
-0.221452555439714,-0.7681912734032992,1.0710676137868074,1.1430454912556556
-0.8339139638157328,-0.5950608403687195,-0.6754281147491322,-0.922948287372473
-0.09117560052007856,-0.017959396920120375,-1.4516484385428832,1.3726003555476698
-0.8742330374717463,-1.0567419951275987,-0.2873179528522567,-1.611612880248516
1.0838473314299932,1.4247942117013774,-0.09326287190381899,-1.1525031516644872
-0.16787055932349498,-1.5184231498864782,1.4591777756836828,0.6839357626716269
-0.018735356116876656,0.7899826239079184,1.6532328566321206,-1.611612880248516
0.21332159453849386,0.5591420465284788,-1.6457035194913208,-1.3820580159565015
1.4836712528242584,-0.5950608403687195,-1.2575933575944453,-0.23428369449643016
0.9001922871823482,0.5014319021836189,-0.6754281147491322,-1.611612880248516
-0.29181763566419217,-1.4607130055416182,-0.6754281147491322,0.9134906269636413
0.300358004344961,-1.3452927168518984,0.2948472899930565,-0.00472883020441589
-1.9258224576973302,-1.576133294231338,-0.09326287190381899,-1.1525031516644872
1.0513081139924294,-0.883611562093019,-0.6754281147491322,0.45438089837961265
1.7877708982734384,0.2705913248041792,1.4591777756836828,1.602155219839684
-0.31441466995943446,1.5402145003910972,-0.6754281147491322,1.3726003555476698
-0.5010217356278607,-1.576133294231338,-0.2873179528522567,0.9134906269636413
0.995049169988868,-0.4219304073341398,0.10079220904461875,1.602155219839684
-0.8360297437422101,1.4825043560462374,1.2651226947352452,1.3726003555476698
-0.22286999250265627,0.386011613493899,-1.4516484385428832,-0.6933934230804587
-0.3359925241907688,-0.07566954126498028,0.10079220904461875,1.602155219839684
0.3455054757036158,-0.9413217064378789,0.4889023709414942,-0.6933934230804587
0.1711523819085131,-0.8259014177481592,-0.8694831956975699,0.9134906269636413
-1.4521366469793004,0.21288118045931928,-1.4516484385428832,0.22482603408759838
1.7936478320017393,-1.576133294231338,-0.09326287190381899,-0.46383855878844443
-1.1838762278749546,-0.9413217064378789,-0.48137303380069446,-0.922948287372473
1.6844036880144453,0.386011613493899,1.4591777756836828,0.22482603408759838
-0.7225261542330134,-1.2875825725070384,0.682957451889932,-1.1525031516644872
-0.4982748874542078,-0.7104811290584393,0.682957451889932,0.22482603408759838
0.827009001332712,0.6168521908733386,0.8770125328383697,0.9134906269636413
-0.9965752748422584,0.15517103611445937,-1.4516484385428832,1.1430454912556556
1.6110765594132435,0.6745623352181985,1.4591777756836828,-1.611612880248516
0.6881460557492657,-0.1333796856098402,-0.2873179528522567,-0.46383855878844443
-0.7668009134890387,0.386011613493899,0.2948472899930565,-1.3820580159565015
-0.8767500686401314,0.09746089176959945,-0.8694831956975699,0.9134906269636413
-0.3563515451252319,1.3093739230116577,0.8770125328383697,0.9134906269636413
0.4946429077759274,-0.4219304073341398,1.6532328566321206,-0.46383855878844443
0.4505602540183007,-1.5184231498864782,0.682957451889932,-0.23428369449643016
-1.6905739894219214,-0.5373506960238595,1.0710676137868074,-1.1525031516644872
-0.07742924639537743,1.5979246447359572,-1.0635382766460078,0.6839357626716269
-0.5157084912820035,-0.36422026298927984,-1.6457035194913208,-0.00472883020441589
2.5184668626286792,-0.47964055167899966,-1.0635382766460078,0.45438089837961265
1.0726428785910926,0.6745623352181985,1.0710676137868074,0.9134906269636413
-0.6502257200101124,0.8476927682527783,0.10079220904461875,-0.46383855878844443
0.9107298278688164,-1.1721622838173187,-1.4516484385428832,-1.3820580159565015
2.0084888695825556,-1.4030028611967582,1.0710676137868074,1.602155219839684
-1.7759509208769595,0.15517103611445937,-1.6457035194913208,0.6839357626716269
-1.2267528369186484,0.7322724795630585,0.10079220904461875,0.22482603408759838
-0.3137290711321798,1.4825043560462374,0.2948472899930565,0.6839357626716269
1.07249011495831,-0.5950608403687195,0.2948472899930565,-0.00472883020441589
-0.30375340079444313,0.7322724795630585,0.4889023709414942,-0.922948287372473
0.5345563111172021,1.1939536343219377,-0.6754281147491322,-1.611612880248516
-0.7373513938700372,0.09746089176959945,-0.09326287190381899,1.3726003555476698
0.1703920890551802,0.2705913248041792,0.8770125328383697,0.22482603408759838
-1.029657908558413,-0.5373506960238595,0.2948472899930565,-0.46383855878844443
-0.8143623371179479,0.5591420465284788,1.6532328566321206,0.22482603408759838
0.7519166358768679,-1.1721622838173187,-0.09326287190381899,-0.922948287372473
0.22773775713050687,0.03975074742473954,-0.2873179528522567,0.6839357626716269
0.5293143800071219,-0.883611562093019,0.10079220904461875,0.22482603408759838
-1.0568951465180358,-0.7104811290584393,-1.6457035194913208,-1.611612880248516
0.7107608367778159,0.21288118045931928,-0.2873179528522567,1.602155219839684
-0.24726307916081386,-0.9990318507827389,0.10079220904461875,-0.23428369449643016
1.1402141768149772,-0.7104811290584393,-0.09326287190381899,1.602155219839684
1.6023378752716242,-1.6915535829210577,-0.48137303380069446,-1.611612880248516
-1.2072913118958957,-0.5373506960238595,-0.48137303380069446,0.22482603408759838
-0.12163776193525465,-0.47964055167899966,0.4889023709414942,0.45438089837961265
0.2904664404012826,-1.4030028611967582,1.6532328566321206,1.1430454912556556
-0.5830454019817531,-1.1721622838173187,-0.2873179528522567,1.3726003555476698
-0.6526412066740773,0.03975074742473954,1.6532328566321206,-1.1525031516644872
-0.014929917946947532,-0.30651011864441996,-0.6754281147491322,-0.46383855878844443
-0.4369888444270267,-0.7104811290584393,-0.09326287190381899,-1.1525031516644872
-0.1823656109055416,-1.633843438576198,0.2948472899930565,-1.611612880248516
-0.157117255762664,0.9631130569424982,0.8770125328383697,1.3726003555476698
-1.1406716269564372,-1.5184231498864782,0.2948472899930565,0.45438089837961265
-0.1886159273955604,-1.0567419951275987,1.2651226947352452,-0.00472883020441589
1.1330312437107184,1.1939536343219377,1.0710676137868074,-0.23428369449643016
0.0754418810763271,-0.9990318507827389,1.6532328566321206,0.22482603408759838
-1.267279760723696,-0.9413217064378789,-0.8694831956975699,0.6839357626716269
-0.65153386258312,-0.8259014177481592,-0.2873179528522567,-1.611612880248516
1.029369666914991,-1.6915535829210577,0.2948472899930565,-1.3820580159565015
-0.5564093596460901,1.5402145003910972,0.4889023709414942,-1.611612880248516
1.5080587977737483,-0.30651011864441996,0.4889023709414942,0.45438089837961265
-1.0038119841501298,0.6168521908733386,1.6532328566321206,-0.922948287372473
0.3572320842697619,0.15517103611445937,-0.2873179528522567,1.1430454912556556
-0.17450911576981945,-1.0567419951275987,-0.09326287190381899,0.45438089837961265
-0.8836721901383081,0.7899826239079184,-0.6754281147491322,0.22482603408759838
-0.7502942350364504,1.3093739230116577,-0.09326287190381899,-0.23428369449643016
-0.48324819378329675,-0.9990318507827389,-0.8694831956975699,0.45438089837961265
0.6462407863372118,0.386011613493899,-1.0635382766460078,-0.00472883020441589
2.7620875847837607,1.3093739230116577,-0.48137303380069446,1.1430454912556556
-1.274323795478223,-1.6915535829210577,0.2948472899930565,0.9134906269636413
-0.8244001452660379,0.5591420465284788,1.4591777756836828,0.45438089837961265
0.05810775572380206,0.7322724795630585,1.2651226947352452,-0.00472883020441589
0.8758690964318266,0.7899826239079184,-0.09326287190381899,1.602155219839684
-0.08435839402131108,-1.1144521394724587,0.8770125328383697,-1.611612880248516
1.0283049575768648,-0.9413217064378789,1.4591777756836828,-1.1525031516644872
1.1322965646076906,-0.5373506960238595,-0.09326287190381899,0.45438089837961265
-1.0737982766929912,0.9631130569424982,0.10079220904461875,-0.46383855878844443
0.640447984708021,0.9054029125976383,-1.2575933575944453,1.602155219839684
-0.03815769815419595,0.9054029125976383,0.2948472899930565,-0.00472883020441589
0.5004312729932251,-0.017959396920120375,1.2651226947352452,-0.23428369449643016
-0.37167159091544333,-1.6915535829210577,1.6532328566321206,1.602155219839684
-1.0028019349271566,1.6556347890808172,1.0710676137868074,-0.46383855878844443
-0.2999458820941862,-1.3452927168518984,0.682957451889932,-1.1525031516644872
0.005968864625160423,-0.30651011864441996,-0.09326287190381899,0.45438089837961265
-0.015772087074362288,-0.9413217064378789,0.2948472899930565,-0.46383855878844443
-0.8934045530006252,-0.5373506960238595,0.682957451889932,-0.6933934230804587
0.0419217509156627,1.6556347890808172,0.4889023709414942,-1.1525031516644872
-0.2437078706741468,0.7322724795630585,1.4591777756836828,1.602155219839684
-0.40898190107465054,-0.07566954126498028,0.10079220904461875,0.22482603408759838
0.5662922093142346,1.078533345632218,0.682957451889932,0.22482603408759838
-0.43387918115773694,-1.1144521394724587,0.2948472899930565,-1.611612880248516
-1.0154539404408094,1.0208232012873582,0.2948472899930565,-1.611612880248516
-0.860184470233089,0.9631130569424982,0.8770125328383697,-1.1525031516644872
-0.8436934584150273,1.4247942117013774,-0.6754281147491322,-0.23428369449643016
0.4214958772083818,-1.1144521394724587,1.6532328566321206,1.1430454912556556
-1.1700855652635547,0.5014319021836189,1.0710676137868074,1.602155219839684
0.7777786695936387,0.32830146914903907,-1.2575933575944453,-0.46383855878844443
-0.01820852656641785,-0.24879997429956002,0.10079220904461875,-1.1525031516644872
1.035345214717257,0.7899826239079184,-1.2575933575944453,-1.3820580159565015
-1.269050921980575,-0.9413217064378789,1.2651226947352452,-1.611612880248516
0.6073382949769689,-1.3452927168518984,1.6532328566321206,0.45438089837961265
0.18591809414929825,0.6745623352181985,-1.2575933575944453,1.3726003555476698
-0.10127227296585221,1.4825043560462374,-1.4516484385428832,-0.46383855878844443
-0.9683201274780963,0.7899826239079184,-0.6754281147491322,-0.922948287372473
-1.2528623723282177,1.713344933425677,0.682957451889932,-1.611612880248516
0.825462171975773,0.21288118045931928,-1.6457035194913208,-1.3820580159565015
-0.48651157370243153,1.078533345632218,-1.4516484385428832,-0.00472883020441589
1.2036838094164783,-1.633843438576198,1.4591777756836828,-0.00472883020441589
1.5887771604982028,1.2516637786667977,-0.2873179528522567,0.6839357626716269
-0.10472973573461365,-0.4219304073341398,-1.4516484385428832,-1.611612880248516
0.255756665527541,-0.4219304073341398,0.682957451889932,-0.6933934230804587
0.2525511272022508,-1.576133294231338,-1.4516484385428832,-1.3820580159565015
-0.677221702502353,0.8476927682527783,0.8770125328383697,-1.3820580159565015
-2.1800516229044495,1.5402145003910972,0.4889023709414942,1.602155219839684
0.29706897250797654,1.078533345632218,-0.6754281147491322,0.45438089837961265
-1.241544990002315,-1.2298724281621785,1.4591777756836828,0.45438089837961265
-0.5785485618319423,0.44372175783875895,-0.8694831956975699,-0.00472883020441589
-0.5007287924339084,1.4247942117013774,0.8770125328383697,0.9134906269636413
0.017477366957476082,1.1939536343219377,1.6532328566321206,0.45438089837961265
-1.357078640458019,1.4825043560462374,-1.0635382766460078,-1.611612880248516
1.6638738704917622,-0.1333796856098402,-0.09326287190381899,0.22482603408759838
-0.5738917816152624,-0.7104811290584393,0.10079220904461875,0.45438089837961265
2.7053399715513113,-1.1144521394724587,0.682957451889932,-1.611612880248516
-0.25571696027911267,-1.5184231498864782,-0.2873179528522567,1.3726003555476698
0.05421107455942697,-0.30651011864441996,0.2948472899930565,-1.3820580159565015
0.4164050193507827,-0.5373506960238595,1.0710676137868074,0.9134906269636413
-0.30055754889935876,-1.4607130055416182,-1.4516484385428832,-0.00472883020441589
-1.517167787568601,0.09746089176959945,0.8770125328383697,-1.611612880248516
-0.19838102543404215,-0.30651011864441996,-1.6457035194913208,0.6839357626716269
-0.36903483155073347,0.7322724795630585,-1.2575933575944453,1.1430454912556556
0.16766339709141911,-1.3452927168518984,-1.0635382766460078,-0.46383855878844443
-2.113332938724052,-0.5950608403687195,-0.2873179528522567,1.3726003555476698
0.013774684122235027,1.0208232012873582,-0.6754281147491322,1.602155219839684
0.8730701137666907,0.9054029125976383,-1.6457035194913208,-0.23428369449643016
-0.6456825073516824,-0.7104811290584393,-1.6457035194913208,-0.6933934230804587
1.3993267290953233,-1.2875825725070384,1.0710676137868074,-1.611612880248516
-1.6452322081761521,1.5402145003910972,-1.6457035194913208,-1.3820580159565015
1.2633037410788577,-1.4607130055416182,0.10079220904461875,-0.00472883020441589
-0.7783758238851627,-0.30651011864441996,0.8770125328383697,-0.23428369449643016
1.1972619014362473,-0.4219304073341398,-1.4516484385428832,0.6839357626716269
-1.4227115706132505,1.136243489977078,0.2948472899930565,-0.00472883020441589
0.4549641117742996,-1.4030028611967582,1.4591777756836828,1.3726003555476698
-0.46958534557777054,0.8476927682527783,1.6532328566321206,1.602155219839684
0.6411062463738175,-0.36422026298927984,1.0710676137868074,-1.3820580159565015
-0.8420636942745431,1.1939536343219377,0.2948472899930565,1.3726003555476698
0.4022423144158766,-0.9990318507827389,1.2651226947352452,-1.1525031516644872
1.935779595473677,1.3670840673565174,-0.8694831956975699,1.602155219839684
0.5662113945855467,-1.0567419951275987,0.10079220904461875,1.3726003555476698
-1.656078565294515,0.386011613493899,-0.09326287190381899,1.602155219839684
-0.08604545051644526,-0.9990318507827389,0.2948472899930565,0.6839357626716269
1.2121403792808085,-0.6527709847135794,0.10079220904461875,0.22482603408759838
-0.3745311479242514,1.2516637786667977,0.682957451889932,-0.922948287372473
1.6719110978375664,0.6168521908733386,1.6532328566321206,-0.922948287372473
0.30221651194835364,0.8476927682527783,1.2651226947352452,0.22482603408759838
-0.8929109266555209,1.0208232012873582,-0.48137303380069446,-0.922948287372473
-0.42545078377454515,-0.8259014177481592,-1.6457035194913208,-0.46383855878844443
0.4847856432856652,1.136243489977078,-1.0635382766460078,1.1430454912556556
1.023705575830401,0.09746089176959945,-0.09326287190381899,0.9134906269636413
-0.06801580341269502,-0.6527709847135794,-0.2873179528522567,1.1430454912556556
0.44859385728217127,1.078533345632218,-0.09326287190381899,0.6839357626716269
0.8640828302801268,1.6556347890808172,0.4889023709414942,-1.611612880248516
0.6507912329076374,1.0208232012873582,-1.2575933575944453,-0.23428369449643016
-0.601956128870732,1.3670840673565174,1.4591777756836828,1.1430454912556556
-0.5010198200448375,0.6168521908733386,-0.2873179528522567,-1.3820580159565015
0.5213602053216971,1.078533345632218,-0.48137303380069446,1.602155219839684
0.7663722189656481,-0.30651011864441996,-0.2873179528522567,-1.3820580159565015
1.479857929133546,1.3093739230116577,0.4889023709414942,0.45438089837961265
0.6930359590655111,-1.5184231498864782,1.4591777756836828,0.9134906269636413
0.9819555176502989,1.6556347890808172,1.6532328566321206,-0.46383855878844443
-0.6916869369565648,1.2516637786667977,-0.09326287190381899,-0.6933934230804587
-1.4167209765626358,-0.47964055167899966,-1.0635382766460078,-0.46383855878844443
1.2666826659637445,1.1939536343219377,-0.2873179528522567,1.3726003555476698
0.4618900362781343,-1.1721622838173187,-0.8694831956975699,0.22482603408759838
-0.7149042446662638,-0.017959396920120375,-0.09326287190381899,0.45438089837961265
0.3995078906383242,0.5014319021836189,0.2948472899930565,1.602155219839684
1.4283862934803258,-0.9990318507827389,-1.4516484385428832,0.22482603408759838
-0.13775309701483285,1.713344933425677,0.10079220904461875,-0.00472883020441589
0.7926773653243665,0.09746089176959945,-1.0635382766460078,-1.611612880248516
-0.5654454620838121,-1.4607130055416182,1.6532328566321206,-0.6933934230804587
1.180425278688413,-1.2875825725070384,1.6532328566321206,-1.3820580159565015
0.8626604916379971,-0.5950608403687195,0.10079220904461875,1.3726003555476698
1.187054668236365,1.5979246447359572,1.2651226947352452,-0.00472883020441589
-1.0104762906804612,-0.47964055167899966,-1.2575933575944453,1.3726003555476698
0.7960280774517204,-0.6527709847135794,0.4889023709414942,-1.611612880248516
-0.37649886253818626,0.5591420465284788,0.2948472899930565,0.45438089837961265
-0.31499747240245896,-0.1910898299547001,-1.2575933575944453,0.45438089837961265
1.2541271113697638,0.44372175783875895,0.682957451889932,-0.6933934230804587
-1.8759889741386662,-1.576133294231338,0.682957451889932,-0.46383855878844443
-0.5445292237919709,0.8476927682527783,0.4889023709414942,1.3726003555476698
0.5635720882505358,0.5591420465284788,-1.4516484385428832,-0.46383855878844443
1.2701069389880286,1.078533345632218,-1.6457035194913208,-1.1525031516644872
1.5740329875324015,0.6168521908733386,-0.8694831956975699,-1.1525031516644872
-0.1923494791722202,-0.07566954126498028,-1.0635382766460078,-1.611612880248516
-2.6351170578398104,-0.4219304073341398,1.6532328566321206,-1.3820580159565015
-0.6155468220122151,-0.07566954126498028,0.682957451889932,-1.3820580159565015
0.6334255969103595,-1.4030028611967582,1.2651226947352452,-0.23428369449643016
-1.743711394135908,-0.1910898299547001,-0.6754281147491322,1.3726003555476698
0.5603518981225426,1.078533345632218,-1.6457035194913208,-0.922948287372473
-0.09230293708056865,-0.6527709847135794,-0.2873179528522567,-0.46383855878844443
1.8332893706359112,-0.5950608403687195,0.2948472899930565,-0.00472883020441589
0.05218261836465885,1.3093739230116577,-1.2575933575944453,0.22482603408759838
0.8542977498877846,-0.1910898299547001,-0.8694831956975699,1.602155219839684
1.094906840726374,0.09746089176959945,-1.4516484385428832,-1.1525031516644872
0.9085749473276897,-0.017959396920120375,-0.2873179528522567,-1.611612880248516
0.14855393481693022,0.386011613493899,0.8770125328383697,-1.611612880248516
0.6466296023163289,1.136243489977078,1.6532328566321206,1.1430454912556556
-0.9709900745120226,1.078533345632218,-1.6457035194913208,0.6839357626716269
2.1440665565439665,-0.1333796856098402,-1.4516484385428832,0.22482603408759838
-0.9320364361059954,1.6556347890808172,1.6532328566321206,0.6839357626716269
1.0970546304755808,1.4825043560462374,1.0710676137868074,1.3726003555476698
-0.17058545134808806,1.2516637786667977,-0.48137303380069446,1.602155219839684
0.8450496523416544,0.5014319021836189,1.2651226947352452,1.3726003555476698
0.5801861617180842,-0.8259014177481592,1.4591777756836828,1.3726003555476698
-1.87872740060926,-0.4219304073341398,-0.6754281147491322,0.6839357626716269
0.9952638265086361,0.9054029125976383,0.10079220904461875,-0.46383855878844443
-0.8704071758804919,0.6168521908733386,0.4889023709414942,-0.6933934230804587
-1.4023832899668605,-0.6527709847135794,-1.0635382766460078,0.6839357626716269
-1.1203241402967987,1.5979246447359572,-0.48137303380069446,-0.922948287372473
-0.5423808067099739,0.15517103611445937,-1.4516484385428832,-0.6933934230804587
-0.16694038551649945,-1.2875825725070384,-1.4516484385428832,-1.1525031516644872
0.6831808295022965,-1.0567419951275987,0.682957451889932,0.6839357626716269
0.14618701055504757,-1.2298724281621785,1.2651226947352452,1.1430454912556556
0.12002578261813043,-0.30651011864441996,0.4889023709414942,0.9134906269636413
-0.46735892786578603,1.5402145003910972,0.682957451889932,0.6839357626716269
1.141713952784316,-0.4219304073341398,-0.6754281147491322,1.1430454912556556
-0.18574273464892588,-1.0567419951275987,1.6532328566321206,-0.00472883020441589
2.77079698069266,1.3093739230116577,0.682957451889932,0.22482603408759838
-0.39250686993164036,-1.2875825725070384,1.4591777756836828,-1.3820580159565015
0.03916306674015204,1.4247942117013774,-1.6457035194913208,-0.6933934230804587
0.11087200889816017,-0.7681912734032992,-0.8694831956975699,-0.46383855878844443
-0.1944151173599316,-0.1910898299547001,-0.6754281147491322,-0.23428369449643016
-0.007470435143689244,0.15517103611445937,-1.2575933575944453,-0.6933934230804587
0.45813758639955177,0.15517103611445937,-1.2575933575944453,1.1430454912556556
-0.13702302862880297,-0.883611562093019,0.2948472899930565,-0.922948287372473
1.356892033772094,1.1939536343219377,-0.8694831956975699,1.3726003555476698
0.3499588341049814,0.6168521908733386,0.4889023709414942,1.3726003555476698
-0.9967694177436047,0.7899826239079184,1.6532328566321206,-0.00472883020441589
-0.9813001416829626,0.03975074742473954,0.10079220904461875,-1.3820580159565015
1.2153098753286558,-0.5373506960238595,1.2651226947352452,-0.46383855878844443
-0.17135119195326343,0.8476927682527783,0.10079220904461875,0.22482603408759838
-1.3914626815347266,0.2705913248041792,-1.0635382766460078,0.6839357626716269
0.25628400225281206,-0.1333796856098402,0.8770125328383697,-0.46383855878844443
1.4140709859175702,-1.4607130055416182,0.10079220904461875,-0.46383855878844443
2.447907590180535,-0.883611562093019,0.682957451889932,0.6839357626716269
1.7365743119936266,-1.4030028611967582,0.2948472899930565,1.3726003555476698
-1.8613369072618282,-0.5373506960238595,-0.48137303380069446,-1.1525031516644872
-0.3311507352001361,1.1939536343219377,0.4889023709414942,-0.922948287372473
0.7497458624670275,-0.6527709847135794,1.4591777756836828,-0.00472883020441589
-0.5455864515297837,1.1939536343219377,1.2651226947352452,-0.23428369449643016
0.8094350388475532,-1.5184231498864782,-1.6457035194913208,-0.6933934230804587
1.379250331901848,-0.017959396920120375,-1.6457035194913208,-1.1525031516644872
1.2821919907958617,1.6556347890808172,0.10079220904461875,1.1430454912556556
1.6124861458301418,1.3670840673565174,-0.2873179528522567,-0.922948287372473
-0.18428339139718433,1.2516637786667977,1.6532328566321206,-0.23428369449643016
0.5629482371909383,0.5014319021836189,-1.4516484385428832,0.45438089837961265
-0.3494276440635567,0.15517103611445937,-1.0635382766460078,-0.46383855878844443
0.2491964268463297,-0.9990318507827389,-1.4516484385428832,0.9134906269636413
-1.4250747689832046,0.03975074742473954,-1.6457035194913208,1.1430454912556556
-1.6233524176729677,1.1939536343219377,1.0710676137868074,-0.00472883020441589
0.5927965686191021,-1.633843438576198,0.10079220904461875,-1.611612880248516
-0.32346872027638335,-0.1910898299547001,-0.48137303380069446,-1.611612880248516
0.584857973175864,-0.30651011864441996,-0.6754281147491322,0.6839357626716269
-0.6396040707975309,0.9631130569424982,-0.2873179528522567,0.6839357626716269
-1.2716912926998922,-1.5184231498864782,-0.8694831956975699,-0.00472883020441589
-0.11162519741999379,-0.5373506960238595,1.0710676137868074,1.602155219839684
-0.2752399168169665,1.078533345632218,0.2948472899930565,-1.611612880248516
0.4972668471908569,-0.9990318507827389,1.2651226947352452,-0.922948287372473
-1.4410873775501694,1.3670840673565174,-1.6457035194913208,0.45438089837961265
-1.202269889469819,-0.8259014177481592,-0.2873179528522567,1.3726003555476698
0.7678096073528331,-0.6527709847135794,0.682957451889932,0.45438089837961265
-1.6896503567766656,-0.017959396920120375,0.682957451889932,0.6839357626716269
-0.7624814924422793,0.32830146914903907,-1.4516484385428832,0.6839357626716269
1.7375805762260013,1.6556347890808172,1.0710676137868074,1.1430454912556556
0.3071986942332238,0.7322724795630585,-0.2873179528522567,-0.922948287372473
0.3795121579233709,-1.6915535829210577,-0.48137303380069446,0.9134906269636413
-0.24822660954747017,-0.07566954126498028,0.682957451889932,-0.00472883020441589
-1.561319084897292,-0.883611562093019,-0.2873179528522567,0.9134906269636413
-0.08515014745199044,-1.6915535829210577,1.0710676137868074,-1.3820580159565015
0.430203527015765,-0.07566954126498028,0.10079220904461875,1.3726003555476698
2.1102952984090386,0.2705913248041792,-0.48137303380069446,-1.1525031516644872
-0.5126007773644871,-0.47964055167899966,-0.8694831956975699,-0.922948287372473
-0.4575780483248414,0.6168521908733386,-1.6457035194913208,-0.00472883020441589
-0.45566121831347006,-0.5950608403687195,0.8770125328383697,-1.3820580159565015
1.127401724405259,0.8476927682527783,-0.6754281147491322,-1.611612880248516
-0.002377949852776916,0.9054029125976383,-0.09326287190381899,-1.1525031516644872
1.100384639794064,0.9631130569424982,0.8770125328383697,0.45438089837961265
-1.173550010438793,0.7322724795630585,1.4591777756836828,0.9134906269636413
-0.18129033222418867,0.32830146914903907,0.10079220904461875,-0.922948287372473
0.4042847944588827,0.7899826239079184,1.2651226947352452,-0.46383855878844443
-0.5801664867147948,-0.1910898299547001,0.682957451889932,-1.611612880248516
1.301385231017951,-1.576133294231338,0.10079220904461875,0.22482603408759838
-1.137672608017827,0.8476927682527783,-1.0635382766460078,1.1430454912556556
-0.1413336777947747,1.713344933425677,-1.6457035194913208,1.3726003555476698
1.5829360510984058,-1.633843438576198,0.2948472899930565,0.6839357626716269
0.31209678787947437,0.5591420465284788,1.2651226947352452,-0.23428369449643016
0.9168643685732167,-1.4030028611967582,0.682957451889932,1.1430454912556556
0.3421696238216405,-0.883611562093019,-1.0635382766460078,-0.00472883020441589
0.7510671585853022,0.7322724795630585,0.2948472899930565,-1.3820580159565015
0.6148404226195535,1.2516637786667977,-1.6457035194913208,-1.611612880248516
0.5869761897042676,-1.0567419951275987,-1.4516484385428832,1.1430454912556556
-2.8595969607158302,-0.5950608403687195,-0.48137303380069446,-0.922948287372473
0.6769169614563638,0.21288118045931928,0.2948472899930565,-0.6933934230804587
-0.6392373128680071,1.6556347890808172,-1.6457035194913208,-0.00472883020441589
-1.0697816928667088,-0.883611562093019,-0.48137303380069446,0.6839357626716269
-0.5030572884070377,-1.2875825725070384,-1.6457035194913208,-0.6933934230804587
-0.08557395104904768,0.5591420465284788,-1.6457035194913208,-1.611612880248516
0.2773891727089693,-1.4030028611967582,-1.6457035194913208,-0.922948287372473
-1.7675360483033413,-0.47964055167899966,0.682957451889932,0.45438089837961265
-1.3593585084105329,0.8476927682527783,-1.6457035194913208,-1.611612880248516
0.4408804771902444,-0.883611562093019,-0.48137303380069446,1.602155219839684
-1.6484062258222145,-1.633843438576198,-0.6754281147491322,-0.922948287372473
-2.3742445549363054,-1.1144521394724587,0.4889023709414942,1.602155219839684
0.758476985233367,-1.0567419951275987,0.8770125328383697,-0.922948287372473
2.0148613592524938,0.15517103611445937,1.0710676137868074,-0.00472883020441589
0.33160614777818814,0.386011613493899,-1.4516484385428832,0.9134906269636413
-0.6193118299421944,-1.5184231498864782,1.4591777756836828,-0.922948287372473
0.10066891540613135,1.2516637786667977,0.8770125328383697,-0.23428369449643016
1.0533580153237945,0.6745623352181985,0.682957451889932,-0.46383855878844443
-1.4188557924928589,1.078533345632218,1.4591777756836828,-0.23428369449643016
0.6468152553851501,-0.36422026298927984,0.2948472899930565,1.1430454912556556
-0.8616276516903505,-0.9990318507827389,-1.2575933575944453,-0.6933934230804587
0.972215240192539,-1.2298724281621785,-0.09326287190381899,-0.6933934230804587
0.20268686013277132,0.7899826239079184,-0.6754281147491322,-0.6933934230804587
0.4640793740369013,-1.6915535829210577,0.2948472899930565,0.22482603408759838
-0.7306507602449076,-1.1721622838173187,-0.2873179528522567,-0.00472883020441589
-2.3608529890429053,0.386011613493899,-1.0635382766460078,-0.00472883020441589
-0.5246142839405513,0.7322724795630585,-0.8694831956975699,-1.1525031516644872
-0.09491008408703411,-0.1333796856098402,-0.8694831956975699,-1.611612880248516
-1.3589941460953123,1.2516637786667977,0.682957451889932,0.45438089837961265
0.11823853486617586,0.15517103611445937,0.10079220904461875,1.602155219839684
-0.4312655243388546,-0.7681912734032992,-1.0635382766460078,-1.611612880248516
-0.3084359852148907,0.5014319021836189,-0.6754281147491322,1.1430454912556556
-1.1675406000398294,-0.9413217064378789,-0.2873179528522567,-1.611612880248516
0.5908206706437054,-0.1333796856098402,1.6532328566321206,1.3726003555476698
-0.26019890664756984,-0.9990318507827389,0.10079220904461875,-0.922948287372473
-1.5485883907388007,1.4247942117013774,-0.2873179528522567,0.45438089837961265
0.8273840382158635,1.3093739230116577,1.0710676137868074,0.9134906269636413
-0.33207972977880096,0.5591420465284788,-0.2873179528522567,0.45438089837961265
0.11246997444690897,-0.9413217064378789,-1.6457035194913208,0.45438089837961265
0.169149533114669,-0.24879997429956002,1.2651226947352452,-0.23428369449643016
-0.3397962460859115,-1.0567419951275987,-0.09326287190381899,-1.3820580159565015
-0.23714330191732214,-0.7681912734032992,-1.4516484385428832,-0.46383855878844443
1.291481538327816,-0.07566954126498028,1.2651226947352452,-0.6933934230804587
0.6470532119238366,0.5014319021836189,-1.0635382766460078,-0.6933934230804587
1.7375293145454243,-1.1144521394724587,0.10079220904461875,0.9134906269636413
-1.6276546563497465,1.3670840673565174,0.682957451889932,0.6839357626716269
0.3602983607570184,-0.24879997429956002,1.6532328566321206,0.9134906269636413
-1.1033181067365383,0.7899826239079184,0.10079220904461875,-0.6933934230804587
-0.2112728229266692,-0.017959396920120375,-1.2575933575944453,-0.23428369449643016
-1.6412930851259864,1.078533345632218,-0.6754281147491322,-1.3820580159565015
-0.7649673940715201,-0.883611562093019,-0.09326287190381899,-0.6933934230804587
0.292675687184733,0.21288118045931928,-1.4516484385428832,0.45438089837961265
1.9377356413914493,-1.1721622838173187,-0.09326287190381899,-1.611612880248516
0.8234514209842313,0.09746089176959945,-0.8694831956975699,0.9134906269636413
2.535396630890425,0.21288118045931928,0.10079220904461875,1.3726003555476698
-0.5641157834007378,1.713344933425677,-1.4516484385428832,-1.3820580159565015
-0.11892051247411145,0.5591420465284788,-0.6754281147491322,0.45438089837961265
-0.522929609715716,-0.4219304073341398,-0.2873179528522567,0.9134906269636413
0.7656358301190809,0.2705913248041792,-1.4516484385428832,1.1430454912556556
-0.37321139463578856,1.713344933425677,0.4889023709414942,-1.1525031516644872
0.37956950550044005,1.5402145003910972,-1.2575933575944453,-1.611612880248516
-0.23101298946494783,1.713344933425677,1.4591777756836828,-0.46383855878844443
-0.3929082839730491,-1.4030028611967582,1.4591777756836828,-0.46383855878844443
0.10914670020417437,-0.5950608403687195,-0.09326287190381899,1.1430454912556556
0.5704296475082455,0.6745623352181985,-1.0635382766460078,0.45438089837961265
-1.3914363575072188,0.15517103611445937,-0.8694831956975699,0.9134906269636413
0.2527973790282829,-0.24879997429956002,-1.4516484385428832,-0.23428369449643016
0.7326384631220176,0.32830146914903907,-1.6457035194913208,-0.46383855878844443
-0.769015617954188,0.386011613493899,-1.2575933575944453,-1.1525031516644872
0.7295805120100347,-0.7681912734032992,0.10079220904461875,1.602155219839684
-2.0517840980996276,0.21288118045931928,0.4889023709414942,0.6839357626716269
-1.0590954929716287,0.6745623352181985,0.682957451889932,1.602155219839684
0.4869418656333427,-1.633843438576198,-0.6754281147491322,1.1430454912556556
0.6399807705125173,0.2705913248041792,1.0710676137868074,0.45438089837961265
1.3251439527378577,-1.4607130055416182,-1.2575933575944453,1.1430454912556556
0.6978645515113904,-0.4219304073341398,-1.0635382766460078,1.3726003555476698
-0.8540406582335495,1.136243489977078,0.8770125328383697,-1.3820580159565015
0.45820081287934844,-0.017959396920120375,-0.09326287190381899,-0.23428369449643016
0.13035526468226225,-0.5950608403687195,-1.4516484385428832,1.1430454912556556
0.43948808091732094,0.32830146914903907,0.2948472899930565,1.3726003555476698
-0.09723217297652417,0.7899826239079184,1.4591777756836828,1.602155219839684
1.198508066354936,0.5591420465284788,-0.2873179528522567,1.1430454912556556
-0.5011706739350387,0.9631130569424982,-0.6754281147491322,0.45438089837961265
-0.695224125231588,-0.7681912734032992,0.10079220904461875,-0.46383855878844443
0.5304640961473737,1.4247942117013774,1.6532328566321206,0.45438089837961265
0.8774390508686214,0.7322724795630585,-0.6754281147491322,1.602155219839684
-2.5899261991274396,0.44372175783875895,-0.09326287190381899,0.9134906269636413
-1.688922900898711,-1.3452927168518984,1.0710676137868074,-0.6933934230804587
-0.47467922052672873,-0.47964055167899966,0.2948472899930565,-1.1525031516644872
-1.5469199646421996,-0.1333796856098402,-1.0635382766460078,0.22482603408759838
-1.3458550048611015,-1.4607130055416182,0.8770125328383697,-1.1525031516644872
1.5442896161014978,-0.24879997429956002,0.2948472899930565,-1.611612880248516
0.21127950727082426,0.386011613493899,-0.2873179528522567,0.6839357626716269
-0.6153588132462479,-0.7681912734032992,1.2651226947352452,1.602155219839684
1.0319324723471703,0.5014319021836189,0.2948472899930565,0.6839357626716269
-1.7915647959004877,0.6168521908733386,1.0710676137868074,-0.6933934230804587
0.490964681660423,1.5402145003910972,1.4591777756836828,0.45438089837961265
-0.2579625127907799,-1.6915535829210577,0.8770125328383697,0.9134906269636413
0.35575583987534776,-0.5373506960238595,-1.4516484385428832,-1.611612880248516
-0.8283946104815184,1.2516637786667977,0.8770125328383697,0.45438089837961265
-1.6688377562604442,-0.4219304073341398,-1.2575933575944453,0.6839357626716269
0.8352581148952536,1.2516637786667977,1.6532328566321206,-0.00472883020441589
-1.731145085818712,-0.9990318507827389,1.6532328566321206,0.22482603408759838
-0.11688733479763251,0.44372175783875895,1.0710676137868074,1.3726003555476698
-0.19089681140109396,-1.576133294231338,-1.6457035194913208,1.3726003555476698
0.23719077636522165,-0.4219304073341398,0.682957451889932,1.1430454912556556
1.6786840056913463,1.2516637786667977,-0.2873179528522567,1.602155219839684
-0.3082095825247369,-0.1333796856098402,0.682957451889932,-1.1525031516644872
0.5428351696484077,1.136243489977078,0.10079220904461875,1.1430454912556556
-0.915494861431338,0.6745623352181985,-0.8694831956975699,0.45438089837961265
-0.911023590176385,-0.9990318507827389,-0.6754281147491322,-0.23428369449643016
0.2794924072780789,1.4825043560462374,-1.6457035194913208,0.22482603408759838
0.8741682497356106,0.09746089176959945,1.4591777756836828,-0.6933934230804587
0.8243234974568431,-0.1333796856098402,1.2651226947352452,1.602155219839684
-0.499697124447352,1.3670840673565174,-1.0635382766460078,0.6839357626716269
-2.030658619040749,-1.1721622838173187,-1.6457035194913208,1.602155219839684
-1.5898328525456207,-1.1721622838173187,1.2651226947352452,-1.611612880248516
2.1067641633140495,0.32830146914903907,-1.2575933575944453,-0.23428369449643016
0.07112533003033104,1.3093739230116577,-1.4516484385428832,-0.6933934230804587
0.3758176009507622,-0.30651011864441996,-1.6457035194913208,-1.3820580159565015
1.348557238855925,0.7899826239079184,-1.2575933575944453,-0.00472883020441589
-1.2210061897942541,0.21288118045931928,1.6532328566321206,1.1430454912556556
-1.894447862953349,-1.1721622838173187,-0.6754281147491322,-1.1525031516644872
0.10677268868032887,1.5979246447359572,-0.09326287190381899,1.602155219839684
1.283972838879168,-0.8259014177481592,-1.6457035194913208,-0.00472883020441589
1.54770085203647,-0.5950608403687195,0.2948472899930565,-1.3820580159565015
-1.6822572450436568,-0.5373506960238595,-0.6754281147491322,1.3726003555476698
0.30665471297792307,-1.4607130055416182,1.6532328566321206,0.6839357626716269
0.6169334005320851,0.7322724795630585,-1.4516484385428832,0.6839357626716269
-1.0218679270142481,0.44372175783875895,-0.6754281147491322,1.602155219839684
-2.9617990328416974,0.6168521908733386,0.10079220904461875,0.22482603408759838
-0.23364639418206792,-0.9413217064378789,-1.2575933575944453,-0.6933934230804587
0.6207823258106949,1.713344933425677,0.8770125328383697,-0.922948287372473
1.5016744429362958,1.4825043560462374,-0.48137303380069446,0.9134906269636413
-0.1990227025411378,-0.5950608403687195,0.10079220904461875,-1.1525031516644872
-0.06510110000535177,0.6745623352181985,1.6532328566321206,-0.6933934230804587
-0.8524983611374852,0.44372175783875895,0.2948472899930565,0.22482603408759838
0.7148027911631291,-0.7104811290584393,1.2651226947352452,1.602155219839684
1.6944797370551095,-0.883611562093019,-1.4516484385428832,0.9134906269636413
-1.1811131674603563,-0.47964055167899966,-0.2873179528522567,1.3726003555476698
0.048720359502717955,1.3670840673565174,0.682957451889932,1.1430454912556556
-0.717044735767149,0.15517103611445937,0.10079220904461875,-0.922948287372473
-1.2728899898560888,-0.24879997429956002,-1.6457035194913208,-0.46383855878844443
-0.18133190578265887,-1.4030028611967582,1.2651226947352452,0.9134906269636413
1.0567722768097887,1.4247942117013774,0.2948472899930565,-1.1525031516644872
2.964788117215196,-1.633843438576198,-0.09326287190381899,0.6839357626716269
0.29466695103733886,-0.4219304073341398,-1.6457035194913208,1.1430454912556556
0.6294980382034517,-1.2298724281621785,0.682957451889932,0.9134906269636413
-0.8270009489403162,1.2516637786667977,-0.8694831956975699,-0.00472883020441589
0.6193466508044653,-0.7104811290584393,0.10079220904461875,0.22482603408759838
1.519667090105603,1.3670840673565174,-1.4516484385428832,0.6839357626716269
-1.1334108918413408,-0.7681912734032992,1.4591777756836828,1.3726003555476698
-0.9719033898343532,-0.30651011864441996,-0.2873179528522567,0.22482603408759838
-0.04353638339771802,-0.1910898299547001,0.10079220904461875,1.1430454912556556
-0.5785123604895293,1.078533345632218,1.6532328566321206,-1.611612880248516
-0.5140211309580743,1.078533345632218,1.2651226947352452,-1.3820580159565015
0.1485853211640525,-1.5184231498864782,-1.6457035194913208,-1.3820580159565015
-1.064202261069693,0.5591420465284788,1.2651226947352452,-0.922948287372473
0.5148613242873816,-0.7681912734032992,-0.6754281147491322,0.45438089837961265
0.7078789835723284,-0.1910898299547001,1.2651226947352452,-1.611612880248516
-1.336510197375506,1.5979246447359572,-1.4516484385428832,-0.922948287372473
0.708370302438639,-0.5950608403687195,1.6532328566321206,-0.922948287372473
-1.3151023431848323,0.2705913248041792,-1.2575933575944453,0.6839357626716269
-0.3031869503597022,-0.1910898299547001,-0.8694831956975699,0.9134906269636413
0.19375711629497527,-0.36422026298927984,-0.8694831956975699,1.1430454912556556
-1.5614466875301922,-0.017959396920120375,-0.48137303380069446,1.1430454912556556
-1.7410439606612151,-1.633843438576198,-1.0635382766460078,-0.922948287372473
1.496395858453783,0.44372175783875895,1.4591777756836828,1.1430454912556556
1.3831910799245386,-0.9990318507827389,1.2651226947352452,-0.6933934230804587
-1.9427641631857362,0.09746089176959945,1.2651226947352452,0.6839357626716269
-0.5331910698054934,-1.633843438576198,-1.2575933575944453,-1.3820580159565015
0.044685974064384154,1.713344933425677,1.2651226947352452,-0.00472883020441589
-1.9607512147544581,1.3093739230116577,-1.6457035194913208,-1.1525031516644872
0.5649740320634971,0.5591420465284788,0.2948472899930565,-0.46383855878844443
